slide_path,rel_path,ext,size_bytes,vendor,width0,height0,level_count,level_downsamples,mpp_x,mpp_y,objective_power,compression,xml_present,xml_roi_total,xml_roi_tumor,xml_roi_non_tumor,read_backend,error,class_hint
/beegfs-scratch/mla_group_01/workspace/mla_group_01/wsi-ssrl-rcc_project/data/raw/Annotations_onco/1.svs,Annotations_onco/1.svs,.svs,58001209,aperio,32647,7468,3,"1.0,4.000183801004779,16.014591222755197",0.25190000000000001,0.25190000000000001,40,"Aperio Image Library v12.2.2 
109559x92026 [63381,40020 32647x7",0,0,0,0,openslide,,ONCO
/beegfs-scratch/mla_group_01/workspace/mla_group_01/wsi-ssrl-rcc_project/data/raw/Annotations_onco/10.tif,Annotations_onco/10.tif,.tif,238131476,generic-tiff,6465,11585,1,1.0,0.25189947342777147,0.25189947342777147,,,0,0,0,0,openslide,,ONCO
/beegfs-scratch/mla_group_01/workspace/mla_group_01/wsi-ssrl-rcc_project/data/raw/Annotations_onco/12.tif,Annotations_onco/12.tif,.tif,884814074,generic-tiff,15297,18241,1,1.0,0.25189947342777147,0.25189947342777147,,,0,0,0,0,openslide,,ONCO
/beegfs-scratch/mla_group_01/workspace/mla_group_01/wsi-ssrl-rcc_project/data/raw/Annotations_onco/14.tif,Annotations_onco/14.tif,.tif,484283822,generic-tiff,15937,11201,1,1.0,0.25189947342777147,0.25189947342777147,,,0,0,0,0,openslide,,ONCO
/beegfs-scratch/mla_group_01/workspace/mla_group_01/wsi-ssrl-rcc_project/data/raw/Annotations_onco/11.tif,Annotations_onco/11.tif,.tif,1603160078,generic-tiff,29185,18817,1,1.0,0.25189947342777147,0.25189947342777147,,,0,0,0,0,openslide,,ONCO
/beegfs-scratch/mla_group_01/workspace/mla_group_01/wsi-ssrl-rcc_project/data/raw/Annotations_onco/16.tif,Annotations_onco/16.tif,.tif,550864772,generic-tiff,13537,14049,1,1.0,0.25189947342777147,0.25189947342777147,,,0,0,0,0,openslide,,ONCO
/beegfs-scratch/mla_group_01/workspace/mla_group_01/wsi-ssrl-rcc_project/data/raw/Annotations_onco/15.tif,Annotations_onco/15.tif,.tif,976670998,generic-tiff,20865,16897,1,1.0,0.25189947342777147,0.25189947342777147,,,0,0,0,0,openslide,,ONCO
/beegfs-scratch/mla_group_01/workspace/mla_group_01/wsi-ssrl-rcc_project/data/raw/Annotations_onco/19.tif,Annotations_onco/19.tif,.tif,37789944,generic-tiff,5057,3233,1,1.0,0.25189947342777147,0.25189947342777147,,,0,0,0,0,openslide,,ONCO
/beegfs-scratch/mla_group_01/workspace/mla_group_01/wsi-ssrl-rcc_project/data/raw/Annotations_onco/17.tif,Annotations_onco/17.tif,.tif,429241860,generic-tiff,15425,9921,1,1.0,0.25189947342777147,0.25189947342777147,,,0,0,0,0,openslide,,ONCO
/beegfs-scratch/mla_group_01/workspace/mla_group_01/wsi-ssrl-rcc_project/data/raw/Annotations_onco/13.tif,Annotations_onco/13.tif,.tif,1696309000,generic-tiff,27649,22145,1,1.0,0.25189947342777147,0.25189947342777147,,,0,0,0,0,openslide,,ONCO
/beegfs-scratch/mla_group_01/workspace/mla_group_01/wsi-ssrl-rcc_project/data/raw/Annotations_onco/18.tif,Annotations_onco/18.tif,.tif,500341840,generic-tiff,15489,12161,1,1.0,0.25189947342777147,0.25189947342777147,,,0,0,0,0,openslide,,ONCO
/beegfs-scratch/mla_group_01/workspace/mla_group_01/wsi-ssrl-rcc_project/data/raw/Annotations_onco/20.tif,Annotations_onco/20.tif,.tif,105170050,generic-tiff,6993,5217,1,1.0,0.25189947342777147,0.25189947342777147,,,0,0,0,0,openslide,,ONCO
/beegfs-scratch/mla_group_01/workspace/mla_group_01/wsi-ssrl-rcc_project/data/raw/Annotations_onco/23.tif,Annotations_onco/23.tif,.tif,182812158,generic-tiff,13313,6081,1,1.0,0.25189947342777147,0.25189947342777147,,,0,0,0,0,openslide,,ONCO
/beegfs-scratch/mla_group_01/workspace/mla_group_01/wsi-ssrl-rcc_project/data/raw/Annotations_onco/2.svs,Annotations_onco/2.svs,.svs,84337987,aperio,13212,27478,3,"1.0,4.0001455815984865,16.009019960819614",0.25190000000000001,0.25190000000000001,40,"Aperio Image Library v12.2.2 
109559x92026 [58115,42605 13212x2",0,0,0,0,openslide,,ONCO
/beegfs-scratch/mla_group_01/workspace/mla_group_01/wsi-ssrl-rcc_project/data/raw/Annotations_onco/24.tif,Annotations_onco/24.tif,.tif,296717406,generic-tiff,12097,9601,1,1.0,0.25189947342777147,0.25189947342777147,,,0,0,0,0,openslide,,ONCO
/beegfs-scratch/mla_group_01/workspace/mla_group_01/wsi-ssrl-rcc_project/data/raw/Annotations_onco/3.svs,Annotations_onco/3.svs,.svs,75840837,aperio,23441,13771,3,"1.0,4.0005211173756035,8.001042234751207",0.25190000000000001,0.25190000000000001,40,"Aperio Image Library v12.2.2 
107567x92026 [52494,40406 23441x1",0,0,0,0,openslide,,ONCO
/beegfs-scratch/mla_group_01/workspace/mla_group_01/wsi-ssrl-rcc_project/data/raw/Annotations_onco/21.tif,Annotations_onco/21.tif,.tif,1660490772,generic-tiff,27777,20609,1,1.0,0.25189947342777147,0.25189947342777147,,,0,0,0,0,openslide,,ONCO
/beegfs-scratch/mla_group_01/workspace/mla_group_01/wsi-ssrl-rcc_project/data/raw/Annotations_onco/5.svs,Annotations_onco/5.svs,.svs,138345291,aperio,24701,24126,3,"1.0,4.00024678164168,16.008857562956365",0.25190000000000001,0.25190000000000001,40,"Aperio Image Library v12.2.2 
175295x92026 [7659,40786 24701x24",0,0,0,0,openslide,,ONCO
/beegfs-scratch/mla_group_01/workspace/mla_group_01/wsi-ssrl-rcc_project/data/raw/Annotations_onco/22.tif,Annotations_onco/22.tif,.tif,1928638662,generic-tiff,28353,26561,1,1.0,0.25189947342777147,0.25189947342777147,,,0,0,0,0,openslide,,ONCO
/beegfs-scratch/mla_group_01/workspace/mla_group_01/wsi-ssrl-rcc_project/data/raw/Annotations_onco/4.svs,Annotations_onco/4.svs,.svs,794360227,aperio,52944,66253,4,"1.0,4.0000301877679165,16.001570048309176,32.00797685598958",0.25190000000000001,0.25190000000000001,40,"Aperio Image Library v12.2.2 
109559x92026 [35999,8234 52944x66",0,0,0,0,openslide,,ONCO
/beegfs-scratch/mla_group_01/workspace/mla_group_01/wsi-ssrl-rcc_project/data/raw/Annotations_onco/6.svs,Annotations_onco/6.svs,.svs,448695211,aperio,45190,43371,3,"1.0,4.000226869933636,16.00309184324138",0.25190000000000001,0.25190000000000001,40,"Aperio Image Library v12.2.2 
175295x92026 [28722,19818 45190x4",0,0,0,0,openslide,,ONCO
/beegfs-scratch/mla_group_01/workspace/mla_group_01/wsi-ssrl-rcc_project/data/raw/Annotations_onco/7.svs,Annotations_onco/7.svs,.svs,784913157,aperio,61657,56009,4,"1.0,4.00006814722774,16.002453635386154,32.009061563566235",0.25190000000000001,0.25190000000000001,40,"Aperio Image Library v12.2.2 
105575x92026 [26903,23169 61657x5",0,0,0,0,openslide,,ONCO
/beegfs-scratch/mla_group_01/workspace/mla_group_01/wsi-ssrl-rcc_project/data/raw/Annotations_onco/8.tif,Annotations_onco/8.tif,.tif,629668778,generic-tiff,12161,15809,1,1.0,0.25189947342777147,0.25189947342777147,,,0,0,0,0,openslide,,ONCO
/beegfs-scratch/mla_group_01/workspace/mla_group_01/wsi-ssrl-rcc_project/data/raw/Annotations_onco/9.tif,Annotations_onco/9.tif,.tif,571266798,generic-tiff,18369,10561,1,1.0,0.25189947342777147,0.25189947342777147,,,0,0,0,0,openslide,,ONCO
/beegfs-scratch/mla_group_01/workspace/mla_group_01/wsi-ssrl-rcc_project/data/raw/Annotations_onco/25.tif,Annotations_onco/25.tif,.tif,1870632842,generic-tiff,23170,30465,1,1.0,0.25189947342777147,0.25189947342777147,,,0,0,0,0,openslide,,ONCO
/beegfs-scratch/mla_group_01/workspace/mla_group_01/wsi-ssrl-rcc_project/data/raw/Annotations_chromo/10.svs,Annotations_chromo/10.svs,.svs,26222857,aperio,10077,10713,2,"1.0,4.000385197962253",0.25190000000000001,0.25190000000000001,40,"Aperio Image Library v12.2.2 
125495x92026 [37153,55302 10077x1",0,0,0,0,openslide,,CHROMO
/beegfs-scratch/mla_group_01/workspace/mla_group_01/wsi-ssrl-rcc_project/data/raw/Annotations_chromo/1.svs,Annotations_chromo/1.svs,.svs,50097753,aperio,12446,17329,3,"1.0,4.0004368601807005,8.002160100708702",0.25190000000000001,0.25190000000000001,40,"Aperio Image Library v12.2.2 
119519x92026 [77550,10053 12446x1",0,0,0,0,openslide,,CHROMO
/beegfs-scratch/mla_group_01/workspace/mla_group_01/wsi-ssrl-rcc_project/data/raw/Annotations_chromo/12.svs,Annotations_chromo/12.svs,.svs,84417583,aperio,23559,15318,3,"1.0,4.000515876970228,8.002756256814774",0.25190000000000001,0.25190000000000001,40,"Aperio Image Library v12.2.2 
109559x80017 [20313,23643 23559x1",0,0,0,0,openslide,,CHROMO
/beegfs-scratch/mla_group_01/workspace/mla_group_01/wsi-ssrl-rcc_project/data/raw/Annotations_chromo/2.svs,Annotations_chromo/2.svs,.svs,169195059,aperio,35328,20776,3,"1.0,4.0,16.003081664098612",0.25190000000000001,0.25190000000000001,40,"Aperio Image Library v12.2.2 
119519x92026 [37339,19818 35328x2",0,0,0,0,openslide,,CHROMO
/beegfs-scratch/mla_group_01/workspace/mla_group_01/wsi-ssrl-rcc_project/data/raw/Annotations_chromo/11.svs,Annotations_chromo/11.svs,.svs,57090429,aperio,17860,13332,3,"1.0,4.0,8.002096537539748",0.25190000000000001,0.25190000000000001,40,"Aperio Image Library v12.2.2 
125495x92026 [57700,10015 17860x1",0,0,0,0,openslide,,CHROMO
/beegfs-scratch/mla_group_01/workspace/mla_group_01/wsi-ssrl-rcc_project/data/raw/Annotations_chromo/4.svs,Annotations_chromo/4.svs,.svs,249113749,aperio,52562,20584,3,"1.0,4.000076103500761,16.00341483390973",0.25190000000000001,0.25190000000000001,40,"Aperio Image Library v12.2.2 
157367x92026 [13883,1628 52562x20",0,0,0,0,openslide,,CHROMO
/beegfs-scratch/mla_group_01/workspace/mla_group_01/wsi-ssrl-rcc_project/data/raw/Annotations_chromo/3.svs,Annotations_chromo/3.svs,.svs,113519483,aperio,29775,16276,3,"1.0,4.000201531640467,8.001923891532737",0.25190000000000001,0.25190000000000001,40,"Aperio Image Library v12.2.2 
157367x92026 [5841,25563 29775x16",0,0,0,0,openslide,,CHROMO
/beegfs-scratch/mla_group_01/workspace/mla_group_01/wsi-ssrl-rcc_project/data/raw/Annotations_chromo/6.svs,Annotations_chromo/6.svs,.svs,83697023,aperio,8425,42892,3,"1.0,4.000237416904083,16.010793939049996",0.25190000000000001,0.25190000000000001,40,"Aperio Image Library v12.2.2 
123503x92026 [96124,31595 8425x42",0,0,0,0,openslide,,CHROMO
/beegfs-scratch/mla_group_01/workspace/mla_group_01/wsi-ssrl-rcc_project/data/raw/Annotations_chromo/5.svs,Annotations_chromo/5.svs,.svs,621314787,aperio,50457,53845,4,"1.0,4.000076782839825,16.002170154229397,32.014174040452204",0.25190000000000001,0.25190000000000001,40,"Aperio Image Library v12.2.2 
175295x78207 [13095,7601 50457x53",0,0,0,0,openslide,,CHROMO
/beegfs-scratch/mla_group_01/workspace/mla_group_01/wsi-ssrl-rcc_project/data/raw/Annotations_chromo/8.svs,Annotations_chromo/8.svs,.svs,92801901,aperio,20117,19685,3,"1.0,4.000201028709364,8.002010691347962",0.25190000000000001,0.25190000000000001,40,"Aperio Image Library v12.2.2 
119519x92026 [51500,57976 20117x1",0,0,0,0,openslide,,CHROMO
/beegfs-scratch/mla_group_01/workspace/mla_group_01/wsi-ssrl-rcc_project/data/raw/Annotations_chromo/7.svs,Annotations_chromo/7.svs,.svs,100994735,aperio,11297,38392,3,"1.0,4.000177053824363,16.002375576698036",0.25190000000000001,0.25190000000000001,40,"Aperio Image Library v12.2.2 
123503x92026 [76976,16276 11297x3",0,0,0,0,openslide,,CHROMO
/beegfs-scratch/mla_group_01/workspace/mla_group_01/wsi-ssrl-rcc_project/data/raw/Annotations_chromo/9.svs,Annotations_chromo/9.svs,.svs,47728205,aperio,19115,10375,3,"1.0,4.000892419411052,8.003328495057078",0.25190000000000001,0.25190000000000001,40,"Aperio Image Library v12.2.2 
107567x88242 [68958,5507 19115x10",0,0,0,0,openslide,,CHROMO
/beegfs-scratch/mla_group_01/workspace/mla_group_01/wsi-ssrl-rcc_project/data/raw/Annotations_chromo/13.tif,Annotations_chromo/13.tif,.tif,1916155240,generic-tiff,30849,22209,1,1.0,0.25189947342777147,0.25189947342777147,,,0,0,0,0,openslide,,CHROMO
/beegfs-scratch/mla_group_01/workspace/mla_group_01/wsi-ssrl-rcc_project/data/raw/ccRCC/HP19.754.A3.ccRCC.scn,ccRCC/HP19.754.A3.ccRCC.scn,.scn,1450516040,leica,106259,306939,6,"1.0,4.0000007262911526,15.998891062171904,63.98593267568448,255.60639423076924,1022.425576923077",0.25,0.25,40,,0,0,0,0,openslide,,ccRCC
/beegfs-scratch/mla_group_01/workspace/mla_group_01/wsi-ssrl-rcc_project/data/raw/ccRCC/HP19.754.A6.ccRCC.scn,ccRCC/HP19.754.A6.ccRCC.scn,.scn,1412185688,leica,106259,306939,6,"1.0,4.0000007262911526,15.998891062171904,63.98593267568448,255.4999069285211,1020.7260254280602",0.25,0.25,40,,0,0,0,0,openslide,,ccRCC
/beegfs-scratch/mla_group_01/workspace/mla_group_01/wsi-ssrl-rcc_project/data/raw/ccRCC/HP19.7840.A7.ccRCC-1.scn,ccRCC/HP19.7840.A7.ccRCC-1.scn,.scn,715480236,leica,106259,306939,6,"1.0,4.0000007262911526,15.998891062171904,63.98593267568448,255.39359680980417,1014.1723904131188",0.25,0.25,40,,0,0,0,0,openslide,,ccRCC
/beegfs-scratch/mla_group_01/workspace/mla_group_01/wsi-ssrl-rcc_project/data/raw/ccRCC/HP19.754.A7.ccRCC.scn,ccRCC/HP19.754.A7.ccRCC.scn,.scn,1142213292,leica,106259,306939,6,"1.0,4.0000007262911526,15.998891062171904,63.98593267568448,255.4999069285211,1020.7260254280602",0.25,0.25,40,,0,0,0,0,openslide,,ccRCC
/beegfs-scratch/mla_group_01/workspace/mla_group_01/wsi-ssrl-rcc_project/data/raw/ccRCC/H19.754.IHC.ccRCC.scn,ccRCC/H19.754.IHC.ccRCC.scn,.scn,567371250,leica,106259,306939,6,"1.0,4.0000007262911526,15.998891062171904,63.98593267568448,255.71305915987682,1012.4952380952382",0.25,0.25,40,,0,0,0,0,openslide,,ccRCC
/beegfs-scratch/mla_group_01/workspace/mla_group_01/wsi-ssrl-rcc_project/data/raw/ccRCC/HP19.754.A8.ccRCC.scn,ccRCC/HP19.754.A8.ccRCC.scn,.scn,1173686952,leica,106259,306939,6,"1.0,4.0000007262911526,15.998891062171904,63.98593267568448,255.4999069285211,1022.425576923077",0.25,0.25,40,,0,0,0,0,openslide,,ccRCC
/beegfs-scratch/mla_group_01/workspace/mla_group_01/wsi-ssrl-rcc_project/data/raw/ccRCC/HP19.10064.A10.ccRCC.scn,ccRCC/HP19.10064.A10.ccRCC.scn,.scn,2003084070,leica,106259,306939,6,"1.0,4.0000007262911526,15.998891062171904,63.98593267568448,255.71305915987682,1022.425576923077",0.25,0.25,40,,0,0,0,0,openslide,,ccRCC
/beegfs-scratch/mla_group_01/workspace/mla_group_01/wsi-ssrl-rcc_project/data/raw/ccRCC/HP19.754.A9.ccRCC.scn,ccRCC/HP19.754.A9.ccRCC.scn,.scn,1045740184,leica,106259,306939,6,"1.0,4.0000007262911526,15.998891062171904,63.98593267568448,256.1276494961482,1022.425576923077",0.25,0.25,40,,0,0,0,0,openslide,,ccRCC
/beegfs-scratch/mla_group_01/workspace/mla_group_01/wsi-ssrl-rcc_project/data/raw/ccRCC/HP19.10064.A1-1.ccRCC.scn,ccRCC/HP19.10064.A1-1.ccRCC.scn,.scn,2426658640,leica,106259,306939,6,"1.0,4.0000007262911526,15.998891062171904,63.97926194841071,255.60639423076924,1015.8606866002215",0.25,0.25,40,,0,0,0,0,openslide,,ccRCC
/beegfs-scratch/mla_group_01/workspace/mla_group_01/wsi-ssrl-rcc_project/data/raw/ccRCC/HP19.7840.A4.ccRCC.scn,ccRCC/HP19.7840.A4.ccRCC.scn,.scn,982678652,leica,106259,306939,6,"1.0,4.0000007262911526,15.998891062171904,63.98593267568448,255.08732548071362,1030.8187104971657",0.25,0.25,40,,0,0,0,0,openslide,,ccRCC
/beegfs-scratch/mla_group_01/workspace/mla_group_01/wsi-ssrl-rcc_project/data/raw/ccRCC/HP19.10064.A13.ccRCC.scn,ccRCC/HP19.10064.A13.ccRCC.scn,.scn,1747198590,leica,106259,306939,6,"1.0,4.0000007262911526,15.998891062171904,63.98593267568448,255.71305915987682,1022.425576923077",0.25,0.25,40,,0,0,0,0,openslide,,ccRCC
/beegfs-scratch/mla_group_01/workspace/mla_group_01/wsi-ssrl-rcc_project/data/raw/ccRCC/HP19.7864.1A.ccRCC.scn,ccRCC/HP19.7864.1A.ccRCC.scn,.scn,254027346,leica,106259,306939,6,"1.0,4.000102080108492,16.000095552667176,63.98593267568448,255.71305915987682,1022.425576923077",0.25,0.25,40,,0,0,0,0,openslide,,ccRCC
/beegfs-scratch/mla_group_01/workspace/mla_group_01/wsi-ssrl-rcc_project/data/raw/ccRCC/HP19.10064.A14.ccRCC.scn,ccRCC/HP19.10064.A14.ccRCC.scn,.scn,355647246,leica,106259,306939,6,"1.0,4.000102080108492,16.000095552667176,63.98593267568448,254.98119210367366,1024.1364966555184",0.25,0.25,40,,0,0,0,0,openslide,,ccRCC
/beegfs-scratch/mla_group_01/workspace/mla_group_01/wsi-ssrl-rcc_project/data/raw/ccRCC/HP19.7840.A6.ccRCC.scn,ccRCC/HP19.7840.A6.ccRCC.scn,.scn,1009951182,leica,106259,306939,6,"1.0,4.0000007262911526,15.998891062171904,63.98593267568448,255.71305915987682,1022.425576923077",0.25,0.25,40,,0,0,0,0,openslide,,ccRCC
/beegfs-scratch/mla_group_01/workspace/mla_group_01/wsi-ssrl-rcc_project/data/raw/ccRCC/HP19.10064.A1.ccRCC.scn,ccRCC/HP19.10064.A1.ccRCC.scn,.scn,2344675570,leica,106259,306939,6,"1.0,4.0000007262911526,15.998891062171904,63.98593267568448,255.4999069285211,1024.1364966555184",0.25,0.25,40,,0,0,0,0,openslide,,ccRCC
/beegfs-scratch/mla_group_01/workspace/mla_group_01/wsi-ssrl-rcc_project/data/raw/ccRCC/HP19.7840.A5.ccRCC.scn,ccRCC/HP19.7840.A5.ccRCC.scn,.scn,943259724,leica,106259,306939,6,"1.0,4.0000007262911526,15.998891062171904,63.98593267568448,255.71305915987682,1012.4952380952382",0.25,0.25,40,,0,0,0,0,openslide,,ccRCC
/beegfs-scratch/mla_group_01/workspace/mla_group_01/wsi-ssrl-rcc_project/data/raw/ccRCC/HP19.10064.A16.ccRCC.scn,ccRCC/HP19.10064.A16.ccRCC.scn,.scn,1404478636,leica,106259,306939,6,"1.0,4.0000007262911526,15.998891062171904,63.98593267568448,255.39359680980417,1020.7260254280602",0.25,0.25,40,,0,0,0,0,openslide,,ccRCC
/beegfs-scratch/mla_group_01/workspace/mla_group_01/wsi-ssrl-rcc_project/data/raw/ccRCC/HP19.7840.A12.ccRCC.scn,ccRCC/HP19.7840.A12.ccRCC.scn,.scn,798412652,leica,106259,306939,6,"1.0,4.0000007262911526,15.998891062171904,63.98593267568448,255.4999069285211,1014.1723904131188",0.25,0.25,40,,0,0,0,0,openslide,,ccRCC
/beegfs-scratch/mla_group_01/workspace/mla_group_01/wsi-ssrl-rcc_project/data/raw/ccRCC/HP19.9421.A2.ccRCC.scn,ccRCC/HP19.9421.A2.ccRCC.scn,.scn,393061440,leica,106259,306939,6,"1.0,4.000102080108492,16.000095552667176,63.98593267568448,255.4999069285211,1024.1364966555184",0.25,0.25,40,,0,0,0,0,openslide,,ccRCC
/beegfs-scratch/mla_group_01/workspace/mla_group_01/wsi-ssrl-rcc_project/data/raw/ccRCC/HP19.2434.A2.ccRCC.scn,ccRCC/HP19.2434.A2.ccRCC.scn,.scn,937979584,leica,106259,306939,6,"1.0,4.0000007262911526,15.998891062171904,63.98593267568448,255.39359680980417,1014.1723904131188",0.25,0.25,40,,0,0,0,0,openslide,,ccRCC
/beegfs-scratch/mla_group_01/workspace/mla_group_01/wsi-ssrl-rcc_project/data/raw/ccRCC/HP19.7840.A7.ccRCC.scn,ccRCC/HP19.7840.A7.ccRCC.scn,.scn,891074832,leica,106259,306939,6,"1.0,4.0000007262911526,15.998891062171904,63.98593267568448,256.1276494961482,1014.1723904131188",0.25,0.25,40,,0,0,0,0,openslide,,ccRCC
/beegfs-scratch/mla_group_01/workspace/mla_group_01/wsi-ssrl-rcc_project/data/raw/ccRCC/HP19.2434.A4.ccRCC.scn,ccRCC/HP19.2434.A4.ccRCC.scn,.scn,1084773056,leica,106259,306939,6,"1.0,4.0000007262911526,15.998891062171904,63.98593267568448,255.71305915987682,1022.425576923077",0.25,0.25,40,,0,0,0,0,openslide,,ccRCC
/beegfs-scratch/mla_group_01/workspace/mla_group_01/wsi-ssrl-rcc_project/data/raw/ccRCC/HP19.7840.A7.ccRCC-2.scn,ccRCC/HP19.7840.A7.ccRCC-2.scn,.scn,792711090,leica,106259,306939,6,"1.0,4.0000007262911526,15.998891062171904,63.98593267568448,255.39359680980417,1014.1723904131188",0.25,0.25,40,,0,0,0,0,openslide,,ccRCC
/beegfs-scratch/mla_group_01/workspace/mla_group_01/wsi-ssrl-rcc_project/data/raw/ccRCC/HP19.10064.A7.ccRCC.scn,ccRCC/HP19.10064.A7.ccRCC.scn,.scn,2177317658,leica,106259,306939,6,"1.0,4.0000007262911526,15.998891062171904,63.97926194841071,255.4999069285211,1024.1364966555184",0.25,0.25,40,,0,0,0,0,openslide,,ccRCC
/beegfs-scratch/mla_group_01/workspace/mla_group_01/wsi-ssrl-rcc_project/data/raw/ccRCC/HP19.7840.A9.ccRCC-1.scn,ccRCC/HP19.7840.A9.ccRCC-1.scn,.scn,797684844,leica,106259,306939,6,"1.0,4.0000007262911526,15.998891062171904,63.98593267568448,256.1276494961482,1022.425576923077",0.25,0.25,40,,0,0,0,0,openslide,,ccRCC
/beegfs-scratch/mla_group_01/workspace/mla_group_01/wsi-ssrl-rcc_project/data/raw/ccRCC/HP19.2434.A3.ccRCC.scn,ccRCC/HP19.2434.A3.ccRCC.scn,.scn,1204778242,leica,106259,306939,6,"1.0,4.0000007262911526,15.998891062171904,63.98593267568448,255.71305915987682,1015.8606866002215",0.25,0.25,40,,0,0,0,0,openslide,,ccRCC
/beegfs-scratch/mla_group_01/workspace/mla_group_01/wsi-ssrl-rcc_project/data/raw/ccRCC/HP19.7840.A9.ccRCC.scn,ccRCC/HP19.7840.A9.ccRCC.scn,.scn,868679938,leica,106259,306939,6,"1.0,4.0000007262911526,15.998891062171904,63.98593267568448,256.1276494961482,1022.425576923077",0.25,0.25,40,,0,0,0,0,openslide,,ccRCC
/beegfs-scratch/mla_group_01/workspace/mla_group_01/wsi-ssrl-rcc_project/data/raw/ccRCC/HP19.2434.A6.ccRCC.scn,ccRCC/HP19.2434.A6.ccRCC.scn,.scn,952202036,leica,106259,306939,6,"1.0,4.0000007262911526,15.998891062171904,63.98593267568448,255.4999069285211,1030.8187104971657",0.25,0.25,40,,0,0,0,0,openslide,,ccRCC
/beegfs-scratch/mla_group_01/workspace/mla_group_01/wsi-ssrl-rcc_project/data/raw/ccRCC/HP19.10064.A6.ccRCC.scn,ccRCC/HP19.10064.A6.ccRCC.scn,.scn,2610779244,leica,106259,306939,6,"1.0,4.0000007262911526,15.998891062171904,63.98593267568448,255.71305915987682,1014.1723904131188",0.25,0.25,40,,0,0,0,0,openslide,,ccRCC
/beegfs-scratch/mla_group_01/workspace/mla_group_01/wsi-ssrl-rcc_project/data/raw/ccRCC/HP19.9347.2A.ccRCC.scn,ccRCC/HP19.9347.2A.ccRCC.scn,.scn,1315974208,leica,106259,306939,6,"1.0,4.0000007262911526,15.998891062171904,63.98593267568448,255.71305915987682,1015.8606866002215",0.25,0.25,40,,0,0,0,0,openslide,,ccRCC
/beegfs-scratch/mla_group_01/workspace/mla_group_01/wsi-ssrl-rcc_project/data/raw/ccRCC/HP19.2434.A5.ccRCC.scn,ccRCC/HP19.2434.A5.ccRCC.scn,.scn,1553820284,leica,106259,306939,6,"1.0,4.0000007262911526,15.998891062171904,63.98593267568448,255.71305915987682,1024.1364966555184",0.25,0.25,40,,0,0,0,0,openslide,,ccRCC
/beegfs-scratch/mla_group_01/workspace/mla_group_01/wsi-ssrl-rcc_project/data/raw/ccRCC/HP19.3695.2A1.ccRCC.scn,ccRCC/HP19.3695.2A1.ccRCC.scn,.scn,2161134484,leica,106259,306939,6,"1.0,4.0000007262911526,15.998891062171904,63.98593267568448,255.71305915987682,1024.1364966555184",0.25,0.25,40,,0,0,0,0,openslide,,ccRCC
/beegfs-scratch/mla_group_01/workspace/mla_group_01/wsi-ssrl-rcc_project/data/raw/ccRCC/HP19.999.A.ccRCC.scn,ccRCC/HP19.999.A.ccRCC.scn,.scn,1413223708,leica,106259,306939,6,"1.0,4.0000007262911526,15.99847407652254,63.97926194841071,255.60639423076924,1024.1364966555184",0.25,0.25,40,,0,0,0,0,openslide,,ccRCC
/beegfs-scratch/mla_group_01/workspace/mla_group_01/wsi-ssrl-rcc_project/data/raw/ccRCC/HP19.3695.2A3.ccRCC.scn,ccRCC/HP19.3695.2A3.ccRCC.scn,.scn,1334337876,leica,106259,306939,6,"1.0,4.0000007262911526,15.998891062171904,63.98593267568448,255.39359680980417,1014.1723904131188",0.25,0.25,40,,0,0,0,0,openslide,,ccRCC
/beegfs-scratch/mla_group_01/workspace/mla_group_01/wsi-ssrl-rcc_project/data/raw/ccRCC/HP19.4075.A2.ccRCC.scn,ccRCC/HP19.4075.A2.ccRCC.scn,.scn,1527461720,leica,106259,306939,6,"1.0,4.0000007262911526,15.998891062171904,63.98593267568448,255.71305915987682,1022.425576923077",0.25,0.25,40,,0,0,0,0,openslide,,ccRCC
/beegfs-scratch/mla_group_01/workspace/mla_group_01/wsi-ssrl-rcc_project/data/raw/ccRCC/HP19.8394.A1.ccRCC.scn,ccRCC/HP19.8394.A1.ccRCC.scn,.scn,987972966,leica,106259,306939,6,"1.0,4.0000007262911526,15.998891062171904,63.98593267568448,256.1276494961482,1015.8606866002215",0.25,0.25,40,,0,0,0,0,openslide,,ccRCC
/beegfs-scratch/mla_group_01/workspace/mla_group_01/wsi-ssrl-rcc_project/data/raw/ccRCC/HP19.4075.A1.ccRCC.scn,ccRCC/HP19.4075.A1.ccRCC.scn,.scn,1580373822,leica,106259,306939,6,"1.0,4.0000007262911526,15.998891062171904,63.98593267568448,256.1276494961482,1022.425576923077",0.25,0.25,40,,0,0,0,0,openslide,,ccRCC
/beegfs-scratch/mla_group_01/workspace/mla_group_01/wsi-ssrl-rcc_project/data/raw/ccRCC/HP19.7949.2A1.ccRCC.scn,ccRCC/HP19.7949.2A1.ccRCC.scn,.scn,1344509338,leica,106259,306939,6,"1.0,4.0000007262911526,15.998891062171904,63.98593267568448,256.1276494961482,1015.8606866002215",0.25,0.25,40,,0,0,0,0,openslide,,ccRCC
/beegfs-scratch/mla_group_01/workspace/mla_group_01/wsi-ssrl-rcc_project/data/raw/ccRCC/HP19.4075.A3.ccRCC.scn,ccRCC/HP19.4075.A3.ccRCC.scn,.scn,1180389218,leica,106259,306939,6,"1.0,4.0000007262911526,15.998891062171904,63.98593267568448,255.39359680980417,1014.1723904131188",0.25,0.25,40,,0,0,0,0,openslide,,ccRCC
/beegfs-scratch/mla_group_01/workspace/mla_group_01/wsi-ssrl-rcc_project/data/raw/ccRCC/HP19.8394.A3.ccRCC.scn,ccRCC/HP19.8394.A3.ccRCC.scn,.scn,982990540,leica,106259,306939,6,"1.0,4.0000007262911526,15.998891062171904,63.98593267568448,255.4999069285211,1020.7260254280602",0.25,0.25,40,,0,0,0,0,openslide,,ccRCC
/beegfs-scratch/mla_group_01/workspace/mla_group_01/wsi-ssrl-rcc_project/data/raw/ccRCC/HP19.4075.A9.ccRCC.scn,ccRCC/HP19.4075.A9.ccRCC.scn,.scn,1131750352,leica,106259,306939,6,"1.0,4.0000007262911526,15.998891062171904,63.98593267568448,255.71305915987682,1015.8606866002215",0.25,0.25,40,,0,0,0,0,openslide,,ccRCC
/beegfs-scratch/mla_group_01/workspace/mla_group_01/wsi-ssrl-rcc_project/data/raw/ccRCC/HP19.4372.A3.ccRCC.scn,ccRCC/HP19.4372.A3.ccRCC.scn,.scn,1137569160,leica,106259,306939,6,"1.0,4.0000007262911526,15.998891062171904,63.98593267568448,256.1276494961482,1015.8606866002215",0.25,0.25,40,,0,0,0,0,openslide,,ccRCC
/beegfs-scratch/mla_group_01/workspace/mla_group_01/wsi-ssrl-rcc_project/data/raw/ccRCC/HP19.4075.A5.ccRCC.scn,ccRCC/HP19.4075.A5.ccRCC.scn,.scn,1445701748,leica,106259,306939,6,"1.0,4.0000007262911526,15.998891062171904,63.98593267568448,256.1276494961482,1022.425576923077",0.25,0.25,40,,0,0,0,0,openslide,,ccRCC
/beegfs-scratch/mla_group_01/workspace/mla_group_01/wsi-ssrl-rcc_project/data/raw/ccRCC/HP19.4372.A4.ccRCC.scn,ccRCC/HP19.4372.A4.ccRCC.scn,.scn,1230482890,leica,106259,306939,6,"1.0,4.0000007262911526,15.998891062171904,63.98593267568448,256.1276494961482,1022.425576923077",0.25,0.25,40,,0,0,0,0,openslide,,ccRCC
/beegfs-scratch/mla_group_01/workspace/mla_group_01/wsi-ssrl-rcc_project/data/raw/ccRCC/HP19.4372.A7.ccRCC.scn,ccRCC/HP19.4372.A7.ccRCC.scn,.scn,1132280774,leica,106259,306939,6,"1.0,4.0000007262911526,15.998891062171904,63.98593267568448,255.71305915987682,1015.8606866002215",0.25,0.25,40,,0,0,0,0,openslide,,ccRCC
/beegfs-scratch/mla_group_01/workspace/mla_group_01/wsi-ssrl-rcc_project/data/raw/ccRCC/HP19.4372.A8.ccRCC.scn,ccRCC/HP19.4372.A8.ccRCC.scn,.scn,1101100858,leica,106259,306939,6,"1.0,4.0000007262911526,15.998891062171904,63.98593267568448,255.71305915987682,1022.425576923077",0.25,0.25,40,,0,0,0,0,openslide,,ccRCC
/beegfs-scratch/mla_group_01/workspace/mla_group_01/wsi-ssrl-rcc_project/data/raw/ccRCC/HP19.4372.A6.ccRCC.scn,ccRCC/HP19.4372.A6.ccRCC.scn,.scn,1216327640,leica,106259,306939,6,"1.0,4.0000007262911526,15.998891062171904,63.98593267568448,256.1276494961482,1015.8606866002215",0.25,0.25,40,,0,0,0,0,openslide,,ccRCC
/beegfs-scratch/mla_group_01/workspace/mla_group_01/wsi-ssrl-rcc_project/data/raw/ccRCC/HP19.5524.A2.ccRCC.scn,ccRCC/HP19.5524.A2.ccRCC.scn,.scn,1146430324,leica,106259,306939,6,"1.0,4.0000007262911526,15.998891062171904,63.98593267568448,255.39359680980417,1020.7260254280602",0.25,0.25,40,,0,0,0,0,openslide,,ccRCC
/beegfs-scratch/mla_group_01/workspace/mla_group_01/wsi-ssrl-rcc_project/data/raw/ccRCC/HP19.5254.A.ccRCC.scn,ccRCC/HP19.5254.A.ccRCC.scn,.scn,1649902336,leica,106259,306939,6,"1.0,4.0000007262911526,15.998891062171904,63.98593267568448,255.4999069285211,1020.7260254280602",0.25,0.25,40,,0,0,0,0,openslide,,ccRCC
/beegfs-scratch/mla_group_01/workspace/mla_group_01/wsi-ssrl-rcc_project/data/raw/ccRCC/HP19.5524.A3.ccRCC.scn,ccRCC/HP19.5524.A3.ccRCC.scn,.scn,1319936988,leica,106259,306939,6,"1.0,4.0000007262911526,15.998891062171904,63.98593267568448,255.4999069285211,1014.1723904131188",0.25,0.25,40,,0,0,0,0,openslide,,ccRCC
/beegfs-scratch/mla_group_01/workspace/mla_group_01/wsi-ssrl-rcc_project/data/raw/ccRCC/HP19.754.A1.ccRCC.scn,ccRCC/HP19.754.A1.ccRCC.scn,.scn,783811206,leica,106259,306939,6,"1.0,4.0000007262911526,15.998891062171904,63.98593267568448,256.1276494961482,1015.8606866002215",0.25,0.25,40,,0,0,0,0,openslide,,ccRCC
/beegfs-scratch/mla_group_01/workspace/mla_group_01/wsi-ssrl-rcc_project/data/raw/ccRCC/HP19.7421.A6.ccRCC.scn,ccRCC/HP19.7421.A6.ccRCC.scn,.scn,757777460,leica,106259,306939,6,"1.0,4.000102080108492,16.000095552667176,63.98593267568448,254.98119210367366,1024.1364966555184",0.25,0.25,40,,0,0,0,0,openslide,,ccRCC
/beegfs-scratch/mla_group_01/workspace/mla_group_01/wsi-ssrl-rcc_project/data/raw/ccRCC/HP19.5524.A4.ccRCC.scn,ccRCC/HP19.5524.A4.ccRCC.scn,.scn,1545210746,leica,106259,306939,6,"1.0,4.0000007262911526,15.998891062171904,63.98593267568448,256.1276494961482,1022.425576923077",0.25,0.25,40,,0,0,0,0,openslide,,ccRCC
/beegfs-scratch/mla_group_01/workspace/mla_group_01/wsi-ssrl-rcc_project/data/raw/ccRCC/HP19.754.A4.ccRCC.scn,ccRCC/HP19.754.A4.ccRCC.scn,.scn,1028482616,leica,106259,306939,6,"1.0,4.0000007262911526,15.998891062171904,63.98593267568448,255.4999069285211,1020.7260254280602",0.25,0.25,40,,0,0,0,0,openslide,,ccRCC
/beegfs-scratch/mla_group_01/workspace/mla_group_01/wsi-ssrl-rcc_project/data/raw/ccRCC/HP19.7949.2A2.ccRCC.scn,ccRCC/HP19.7949.2A2.ccRCC.scn,.scn,1483004042,leica,106259,306939,6,"1.0,4.0000007262911526,15.998891062171904,63.98593267568448,255.60639423076924,1022.425576923077",0.25,0.25,40,,0,0,0,0,openslide,,ccRCC
/beegfs-scratch/mla_group_01/workspace/mla_group_01/wsi-ssrl-rcc_project/data/raw/ccRCC/HP19.754.A5.ccRCC.scn,ccRCC/HP19.754.A5.ccRCC.scn,.scn,1689627456,leica,106259,306939,6,"1.0,4.0000007262911526,15.998891062171904,63.98593267568448,255.4999069285211,1022.425576923077",0.25,0.25,40,,0,0,0,0,openslide,,ccRCC
/beegfs-scratch/mla_group_01/workspace/mla_group_01/wsi-ssrl-rcc_project/data/raw/ccRCC/HP19.7840.A1.ccRCC-1.scn,ccRCC/HP19.7840.A1.ccRCC-1.scn,.scn,852836242,leica,106259,306939,6,"1.0,3.9999746623105956,15.998891062171904,63.98593267568448,255.4999069285211,1014.1723904131188",0.25,0.25,40,,0,0,0,0,openslide,,ccRCC
/beegfs-scratch/mla_group_01/workspace/mla_group_01/wsi-ssrl-rcc_project/data/raw/ccRCC/HP19.7715.2A4.ccRCC.scn,ccRCC/HP19.7715.2A4.ccRCC.scn,.scn,1205324006,leica,106259,306939,6,"1.0,4.0000007262911526,15.998891062171904,63.98593267568448,255.71305915987682,1024.1364966555184",0.25,0.25,40,,0,0,0,0,openslide,,ccRCC
/beegfs-scratch/mla_group_01/workspace/mla_group_01/wsi-ssrl-rcc_project/data/raw/ccRCC/HP19.7840.A1.ccRCC.scn,ccRCC/HP19.7840.A1.ccRCC.scn,.scn,786989730,leica,106259,306939,6,"1.0,4.0000007262911526,15.998891062171904,63.98593267568448,255.39359680980417,1014.1723904131188",0.25,0.25,40,,0,0,0,0,openslide,,ccRCC
/beegfs-scratch/mla_group_01/workspace/mla_group_01/wsi-ssrl-rcc_project/data/raw/ccRCC/HP19.7840.A2.ccRCC.scn,ccRCC/HP19.7840.A2.ccRCC.scn,.scn,867502582,leica,106259,306939,6,"1.0,4.0000007262911526,15.998891062171904,63.98593267568448,256.1276494961482,1015.8606866002215",0.25,0.25,40,,0,0,0,0,openslide,,ccRCC
/beegfs-scratch/mla_group_01/workspace/mla_group_01/wsi-ssrl-rcc_project/data/raw/CHROMO/HP17008718-0-BM-HE_2181.svs,CHROMO/HP17008718-0-BM-HE_2181.svs,.svs,3327958971,aperio,151391,71956,4,"1.0,4.000039633260232,16.001237468979838,64.0154507083581",0.25190000000000001,0.25190000000000001,40,"Aperio Image Library v12.0.16 
154432x72056 [0,100 151391x71956",0,0,0,0,openslide,,CHROMO
"/beegfs-scratch/mla_group_01/workspace/mla_group_01/wsi-ssrl-rcc_project/data/raw/CHROMO/HP18014084-0-A1-HE3,4_2198.svs","CHROMO/HP18014084-0-A1-HE3,4_2198.svs",.svs,3386400675,aperio,105575,92026,4,"1.0,4.000100300172914,16.001399877791854,32.00558266668424",0.25190000000000001,0.25190000000000001,40,"Aperio Image Library v12.0.16 
107696x92126 [0,100 105575x92026",0,0,0,0,openslide,,CHROMO
/beegfs-scratch/mla_group_01/workspace/mla_group_01/wsi-ssrl-rcc_project/data/raw/CHROMO/HP17008718-0-C2-HE_2180.svs,CHROMO/HP17008718-0-C2-HE_2180.svs,.svs,3577843025,aperio,119519,92026,4,"1.0,4.000093669405022,16.00187356450364,32.00867278358678",0.25190000000000001,0.25190000000000001,40,"Aperio Image Library v12.0.16 
121920x92126 [0,100 119519x92026",0,0,0,0,openslide,,CHROMO
/beegfs-scratch/mla_group_01/workspace/mla_group_01/wsi-ssrl-rcc_project/data/raw/CHROMO/HP19012316-0-C-HE_2195.svs,CHROMO/HP19012316-0-C-HE_2195.svs,.svs,3525281653,aperio,107567,88242,4,"1.0,4.000101111660172,16.001297063026023,32.00549589657206",0.25190000000000001,0.25190000000000001,40,"Aperio Image Library v12.0.16 
109728x88342 [0,100 107567x88242",0,0,0,0,openslide,,CHROMO
/beegfs-scratch/mla_group_01/workspace/mla_group_01/wsi-ssrl-rcc_project/data/raw/CHROMO/HP20.2506_1342.svs,CHROMO/HP20.2506_1342.svs,.svs,3492618629,aperio,109559,80017,4,"1.0,4.000079761513103,16.000611152780397,32.00675962605901",0.25190000000000001,0.25190000000000001,40,"Aperio Image Library v12.0.16 
111760x80117 [0,100 109559x80017",0,0,0,0,openslide,,CHROMO
/beegfs-scratch/mla_group_01/workspace/mla_group_01/wsi-ssrl-rcc_project/data/raw/CHROMO/HP20.2506_1338 .svs,CHROMO/HP20.2506_1338 .svs,.svs,3767586475,aperio,127487,92026,4,"1.0,4.000090531651365,16.001810797220678,32.00841327817136",0.25190000000000001,0.25190000000000001,40,"Aperio Image Library v12.0.16 
130048x92126 [0,100 127487x92026",0,0,0,0,openslide,,CHROMO
/beegfs-scratch/mla_group_01/workspace/mla_group_01/wsi-ssrl-rcc_project/data/raw/CHROMO/HP18014084-0-A3-HE_2199.svs,CHROMO/HP18014084-0-A3-HE_2199.svs,.svs,3939000345,aperio,119519,92026,4,"1.0,4.000093669405022,16.00187356450364,32.00867278358678",0.25190000000000001,0.25190000000000001,40,"Aperio Image Library v12.0.16 
121920x92126 [0,100 119519x92026",0,0,0,0,openslide,,CHROMO
/beegfs-scratch/mla_group_01/workspace/mla_group_01/wsi-ssrl-rcc_project/data/raw/CHROMO/HP70605.svs,CHROMO/HP70605.svs,.svs,792493641,aperio,115739,56881,4,"1.0,4.000087003867476,16.00090105068133,32.00851674979208",0.25069999999999998,0.25069999999999998,40,"Aperio Image Library v12.4.0 
125402x67957 [5490,7467 115739x56",0,0,0,0,openslide,,CHROMO
/beegfs-scratch/mla_group_01/workspace/mla_group_01/wsi-ssrl-rcc_project/data/raw/CHROMO/HP20.2506_1339.svs,CHROMO/HP20.2506_1339.svs,.svs,4573674763,aperio,137447,86926,4,"1.0,4.000089671353215,16.00169611031768,64.01423707979006",0.25190000000000001,0.25190000000000001,40,"Aperio Image Library v12.0.16 
140208x87026 [0,100 137447x86926",0,0,0,0,openslide,,CHROMO
/beegfs-scratch/mla_group_01/workspace/mla_group_01/wsi-ssrl-rcc_project/data/raw/CHROMO/HP20002300-0-A4-HE_2208.svs,CHROMO/HP20002300-0-A4-HE_2208.svs,.svs,4390163389,aperio,123503,92026,4,"1.0,4.000092049917624,16.001841168355455,32.00646524781144",0.25190000000000001,0.25190000000000001,40,"Aperio Image Library v12.0.16 
125984x92126 [0,100 123503x92026",0,0,0,0,openslide,,CHROMO
/beegfs-scratch/mla_group_01/workspace/mla_group_01/wsi-ssrl-rcc_project/data/raw/CHROMO/HP20002300-0-A10-HE_2210.svs,CHROMO/HP20002300-0-A10-HE_2210.svs,.svs,5019152943,aperio,157367,92026,4,"1.0,4.000081595083133,16.001225285901075,64.03136889018745",0.25190000000000001,0.25190000000000001,40,"Aperio Image Library v12.0.16 
160528x92126 [0,100 157367x92026",0,0,0,0,openslide,,CHROMO
/beegfs-scratch/mla_group_01/workspace/mla_group_01/wsi-ssrl-rcc_project/data/raw/CHROMO/HP20002300-0-A8-HE_2209.svs,CHROMO/HP20002300-0-A8-HE_2209.svs,.svs,5679957187,aperio,175295,78207,4,"1.0,4.00011095101971,16.00221930275061,64.03730327378976",0.25190000000000001,0.25190000000000001,40,"Aperio Image Library v12.0.16 
178816x78307 [0,100 175295x78207",0,0,0,0,openslide,,CHROMO
/beegfs-scratch/mla_group_01/workspace/mla_group_01/wsi-ssrl-rcc_project/data/raw/ONCOCYTOMA/HP19008963-2-B-HE_1972.svs,ONCOCYTOMA/HP19008963-2-B-HE_1972.svs,.svs,2489407393,aperio,101591,72943,4,"1.0,4.000141321485229,16.002196726450652,32.006914105474685",0.25190000000000001,0.25190000000000001,40,"Aperio Image Library v12.0.16 
103632x73043 [0,100 101591x72943",0,0,0,0,openslide,,ONCO
/beegfs-scratch/mla_group_01/workspace/mla_group_01/wsi-ssrl-rcc_project/data/raw/ONCOCYTOMA/HP19008963-2-A-HE_1971.svs,ONCOCYTOMA/HP19008963-2-A-HE_1971.svs,.svs,2221277273,aperio,91631,59782,4,"1.0,4.000132394177729,16.00211281273817,32.00422562547634",0.25190000000000001,0.25190000000000001,40,"Aperio Image Library v12.0.16 
93472x59882 [0,100 91631x59782] ",0,0,0,0,openslide,,ONCO
/beegfs-scratch/mla_group_01/workspace/mla_group_01/wsi-ssrl-rcc_project/data/raw/ONCOCYTOMA/HP20.5602_1349.svs,ONCOCYTOMA/HP20.5602_1349.svs,.svs,2357682903,aperio,103583,71791,4,"1.0,4.000141505668903,16.002830527079148,32.00813360009744",0.25190000000000001,0.25190000000000001,40,"Aperio Image Library v12.0.16 
105664x71891 [0,100 103583x71791",0,0,0,0,openslide,,ONCO
/beegfs-scratch/mla_group_01/workspace/mla_group_01/wsi-ssrl-rcc_project/data/raw/ONCOCYTOMA/HP18005453-0-A1-HE_1968.svs,ONCOCYTOMA/HP18005453-0-A1-HE_1968.svs,.svs,3351601469,aperio,115535,84952,4,"1.0,4.000051933663401,16.001792218722297,32.006599039342696",0.25190000000000001,0.25190000000000001,40,"Aperio Image Library v12.0.16 
117856x85052 [0,100 115535x84952",0,0,0,0,openslide,,ONCO
/beegfs-scratch/mla_group_01/workspace/mla_group_01/wsi-ssrl-rcc_project/data/raw/ONCOCYTOMA/HP18005453-0-A2-HE_1969.svs,ONCOCYTOMA/HP18005453-0-A2-HE_1969.svs,.svs,3386323679,aperio,115535,63401,4,"1.0,4.000083479404726,16.00217457116848,32.00434914233696",0.25190000000000001,0.25190000000000001,40,"Aperio Image Library v12.0.16 
117856x63501 [0,100 115535x63401",0,0,0,0,openslide,,ONCO
/beegfs-scratch/mla_group_01/workspace/mla_group_01/wsi-ssrl-rcc_project/data/raw/ONCOCYTOMA/HP18009209-0-A9-HE_2177.svs,ONCOCYTOMA/HP18009209-0-A9-HE_2177.svs,.svs,3922999009,aperio,107567,92026,4,"1.0,4.00009924766616,16.001985153378236,32.006753217857",0.25190000000000001,0.25190000000000001,40,"Aperio Image Library v12.0.16 
109728x92126 [0,100 107567x92026",0,0,0,0,openslide,,ONCO
/beegfs-scratch/mla_group_01/workspace/mla_group_01/wsi-ssrl-rcc_project/data/raw/ONCOCYTOMA/HP18005453-0-A3-HE_1970.svs,ONCOCYTOMA/HP18005453-0-A3-HE_1970.svs,.svs,3830225941,aperio,135455,64882,4,"1.0,4.000105948415559,16.001132610305874,64.03200431255681",0.25190000000000001,0.25190000000000001,40,"Aperio Image Library v12.0.16 
138176x64982 [0,100 135455x64882",0,0,0,0,openslide,,ONCO
/beegfs-scratch/mla_group_01/workspace/mla_group_01/wsi-ssrl-rcc_project/data/raw/ONCOCYTOMA/HP18009209-0-A3-HE_2176.svs,ONCOCYTOMA/HP18009209-0-A3-HE_2176.svs,.svs,4364381637,aperio,115535,92026,4,"1.0,4.0000954005850735,16.001908195178387,32.00659930145731",0.25190000000000001,0.25190000000000001,40,"Aperio Image Library v12.0.16 
117856x92126 [0,100 115535x92026",0,0,0,0,openslide,,ONCO
/beegfs-scratch/mla_group_01/workspace/mla_group_01/wsi-ssrl-rcc_project/data/raw/ONCOCYTOMA/HP51171.svs,ONCOCYTOMA/HP51171.svs,.svs,441544261,aperio,70787,57607,4,"1.0,4.000188924351998,16.001311281896726,32.00262256379345",0.24940000000000001,0.24940000000000001,40,"Aperio Image Library v12.4.0 
71619x72719 [569,682 70787x57607]",0,0,0,0,openslide,,ONCO
/beegfs-scratch/mla_group_01/workspace/mla_group_01/wsi-ssrl-rcc_project/data/raw/ONCOCYTOMA/HP20.5602_1351.svs,ONCOCYTOMA/HP20.5602_1351.svs,.svs,2784752663,aperio,105575,71627,4,"1.0,4.000140604054323,16.001759239469486,32.00351847893897",0.25190000000000001,0.25190000000000001,40,"Aperio Image Library v12.0.16 
107696x71727 [0,100 105575x71627",0,0,0,0,openslide,,ONCO
/beegfs-scratch/mla_group_01/workspace/mla_group_01/wsi-ssrl-rcc_project/data/raw/ONCOCYTOMA/HP20.5602_1355.svs,ONCOCYTOMA/HP20.5602_1355.svs,.svs,3693216279,aperio,111551,76068,4,"1.0,4.000053788503604,16.001496584171928,32.00528902943017",0.25190000000000001,0.25190000000000001,40,"Aperio Image Library v12.0.16 
113792x76168 [0,100 111551x76068",0,0,0,0,openslide,,ONCO
/beegfs-scratch/mla_group_01/workspace/mla_group_01/wsi-ssrl-rcc_project/data/raw/ONCOCYTOMA/HP20001530-0-F-HE_2213.svs,ONCOCYTOMA/HP20001530-0-F-HE_2213.svs,.svs,3151894077,aperio,109559,92026,4,"1.0,4.000098233433777,16.001380586791353,32.00788136518945",0.25190000000000001,0.25190000000000001,40,"Aperio Image Library v12.0.16 
111760x92126 [0,100 109559x92026",0,0,0,0,openslide,,ONCO
/beegfs-scratch/mla_group_01/workspace/mla_group_01/wsi-ssrl-rcc_project/data/raw/ONCOCYTOMA/HP20001530-0-A-HE_2211.svs,ONCOCYTOMA/HP20001530-0-A-HE_2211.svs,.svs,3358102357,aperio,105575,92026,4,"1.0,4.000100300172914,16.001399877791854,32.00558266668424",0.25190000000000001,0.25190000000000001,40,"Aperio Image Library v12.0.16 
107696x92126 [0,100 105575x92026",0,0,0,0,openslide,,ONCO
"/beegfs-scratch/mla_group_01/workspace/mla_group_01/wsi-ssrl-rcc_project/data/raw/ONCOCYTOMA/HP20002450-0-D-3,4_2175.svs","ONCOCYTOMA/HP20002450-0-D-3,4_2175.svs",.svs,3617138803,aperio,107567,92026,4,"1.0,4.00009924766616,16.001985153378236,32.006753217857",0.25190000000000001,0.25190000000000001,40,"Aperio Image Library v12.0.16 
109728x92126 [0,100 107567x92026",0,0,0,0,openslide,,ONCO
"/beegfs-scratch/mla_group_01/workspace/mla_group_01/wsi-ssrl-rcc_project/data/raw/ONCOCYTOMA/HP20002450-0-B-HE3,4_2174.svs","ONCOCYTOMA/HP20002450-0-B-HE3,4_2174.svs",.svs,3520497657,aperio,109559,92026,4,"1.0,4.000098233433777,16.001380586791353,32.00788136518945",0.25190000000000001,0.25190000000000001,40,"Aperio Image Library v12.0.16 
111760x92126 [0,100 109559x92026",0,0,0,0,openslide,,ONCO
/beegfs-scratch/mla_group_01/workspace/mla_group_01/wsi-ssrl-rcc_project/data/raw/ONCOCYTOMA/HP20001530-0-B-HE_2212.svs,ONCOCYTOMA/HP20001530-0-B-HE_2212.svs,.svs,4993124697,aperio,175295,92026,4,"1.0,4.000077695523093,16.001554032910434,64.03168568048949",0.25190000000000001,0.25190000000000001,40,"Aperio Image Library v12.0.16 
178816x92126 [0,100 175295x92026",0,0,0,0,openslide,,ONCO
/beegfs-scratch/mla_group_01/workspace/mla_group_01/wsi-ssrl-rcc_project/data/raw/README/H19.754.IHC.ccRCC.tif,README/H19.754.IHC.ccRCC.tif,.tif,567371250,leica,106259,306939,6,"1.0,4.0000007262911526,15.998891062171904,63.98593267568448,255.71305915987682,1012.4952380952382",0.25,0.25,40,,0,0,0,0,openslide,,ccRCC
/beegfs-scratch/mla_group_01/workspace/mla_group_01/wsi-ssrl-rcc_project/data/raw/pRCC/HP17.7980.A2.pRCC.scn,pRCC/HP17.7980.A2.pRCC.scn,.scn,700692852,leica,106259,306939,6,"1.0,4.0000007262911526,15.998891062171904,63.98593267568448,255.39359680980417,1014.1723904131188",0.25,0.25,40,,0,0,0,0,openslide,,pRCC
/beegfs-scratch/mla_group_01/workspace/mla_group_01/wsi-ssrl-rcc_project/data/raw/pRCC/HP17.7980.B2.pRCC.scn,pRCC/HP17.7980.B2.pRCC.scn,.scn,1037883986,leica,106259,306939,6,"1.0,4.0000007262911526,15.998891062171904,63.98593267568448,256.1276494961482,1022.425576923077",0.25,0.25,40,,0,0,0,0,openslide,,pRCC
/beegfs-scratch/mla_group_01/workspace/mla_group_01/wsi-ssrl-rcc_project/data/raw/pRCC/HP17.11714.A6-1.pRCC.scn,pRCC/HP17.11714.A6-1.pRCC.scn,.scn,1370205732,leica,106259,306939,6,"1.0,4.0000007262911526,15.998891062171904,63.98593267568448,256.1276494961482,1012.4952380952382",0.25,0.25,40,,0,0,0,0,openslide,,pRCC
/beegfs-scratch/mla_group_01/workspace/mla_group_01/wsi-ssrl-rcc_project/data/raw/pRCC/HP17.7980.B.pRCC.scn,pRCC/HP17.7980.B.pRCC.scn,.scn,1397552576,leica,106259,306939,6,"1.0,4.0000007262911526,15.998891062171904,63.98593267568448,256.1276494961482,1012.4952380952382",0.25,0.25,40,,0,0,0,0,openslide,,pRCC
/beegfs-scratch/mla_group_01/workspace/mla_group_01/wsi-ssrl-rcc_project/data/raw/pRCC/HP17.11714.A6.pRCC.scn,pRCC/HP17.11714.A6.pRCC.scn,.scn,1582681142,leica,106259,306939,6,"1.0,4.0000007262911526,15.998891062171904,63.98593267568448,255.71305915987682,1015.8606866002215",0.25,0.25,40,,0,0,0,0,openslide,,pRCC
/beegfs-scratch/mla_group_01/workspace/mla_group_01/wsi-ssrl-rcc_project/data/raw/pRCC/HP17.11714.A8.pRCC.scn,pRCC/HP17.11714.A8.pRCC.scn,.scn,1645832596,leica,106259,306939,6,"1.0,4.0000007262911526,15.998891062171904,63.98593267568448,255.71305915987682,1022.425576923077",0.25,0.25,40,,0,0,0,0,openslide,,pRCC
/beegfs-scratch/mla_group_01/workspace/mla_group_01/wsi-ssrl-rcc_project/data/raw/pRCC/HP18.11474.A11.pRCC.scn,pRCC/HP18.11474.A11.pRCC.scn,.scn,1865709012,leica,106259,306939,6,"1.0,4.0000007262911526,15.998891062171904,63.98593267568448,255.60639423076924,1024.1364966555184",0.25,0.25,40,,0,0,0,0,openslide,,pRCC
/beegfs-scratch/mla_group_01/workspace/mla_group_01/wsi-ssrl-rcc_project/data/raw/pRCC/HP18.11474.A5.pRCC.scn,pRCC/HP18.11474.A5.pRCC.scn,.scn,1105857706,leica,106259,306939,6,"1.0,4.0000007262911526,15.998891062171904,63.98593267568448,255.71305915987682,1022.425576923077",0.25,0.25,40,,0,0,0,0,openslide,,pRCC
/beegfs-scratch/mla_group_01/workspace/mla_group_01/wsi-ssrl-rcc_project/data/raw/pRCC/HP18.11474.A14.pRCC.scn,pRCC/HP18.11474.A14.pRCC.scn,.scn,1607384892,leica,106259,306939,6,"1.0,4.0000007262911526,15.998891062171904,63.98593267568448,255.71305915987682,1022.425576923077",0.25,0.25,40,,0,0,0,0,openslide,,pRCC
/beegfs-scratch/mla_group_01/workspace/mla_group_01/wsi-ssrl-rcc_project/data/raw/pRCC/HP18.11474.A13.pRCC.scn,pRCC/HP18.11474.A13.pRCC.scn,.scn,1723873314,leica,106259,306939,6,"1.0,4.0000007262911526,15.998891062171904,63.98593267568448,255.71305915987682,1024.1364966555184",0.25,0.25,40,,0,0,0,0,openslide,,pRCC
/beegfs-scratch/mla_group_01/workspace/mla_group_01/wsi-ssrl-rcc_project/data/raw/pRCC/HP18.11474.A10.pRCC.scn,pRCC/HP18.11474.A10.pRCC.scn,.scn,2499119488,leica,106259,306939,6,"1.0,3.999948599009354,16.000095552667176,63.98593267568448,255.60639423076924,1024.1364966555184",0.25,0.25,40,,0,0,0,0,openslide,,pRCC
/beegfs-scratch/mla_group_01/workspace/mla_group_01/wsi-ssrl-rcc_project/data/raw/pRCC/HP18.11474.A8.pRCC.scn,pRCC/HP18.11474.A8.pRCC.scn,.scn,1572446368,leica,106259,306939,6,"1.0,3.9999746623105956,15.998891062171904,63.98593267568448,255.4999069285211,1014.1723904131188",0.25,0.25,40,,0,0,0,0,openslide,,pRCC
/beegfs-scratch/mla_group_01/workspace/mla_group_01/wsi-ssrl-rcc_project/data/raw/pRCC/HP18.11474.A9.pRCC.scn,pRCC/HP18.11474.A9.pRCC.scn,.scn,1233699500,leica,106259,306939,6,"1.0,4.0000007262911526,15.998891062171904,63.98593267568448,255.4999069285211,1020.7260254280602",0.25,0.25,40,,0,0,0,0,openslide,,pRCC
/beegfs-scratch/mla_group_01/workspace/mla_group_01/wsi-ssrl-rcc_project/data/raw/pRCC/HP18.11474.A6.pRCC.scn,pRCC/HP18.11474.A6.pRCC.scn,.scn,1886754602,leica,106259,306939,6,"1.0,4.0000007262911526,15.998891062171904,63.98593267568448,256.1276494961482,1022.425576923077",0.25,0.25,40,,0,0,0,0,openslide,,pRCC
/beegfs-scratch/mla_group_01/workspace/mla_group_01/wsi-ssrl-rcc_project/data/raw/pRCC/HP18.11474.A7.pRCC.scn,pRCC/HP18.11474.A7.pRCC.scn,.scn,2173584692,leica,106259,306939,6,"1.0,4.0000007262911526,15.998891062171904,63.98593267568448,255.4999069285211,1024.1364966555184",0.25,0.25,40,,0,0,0,0,openslide,,pRCC
/beegfs-scratch/mla_group_01/workspace/mla_group_01/wsi-ssrl-rcc_project/data/raw/pRCC/HP18.13618.A2.pRCC.scn,pRCC/HP18.13618.A2.pRCC.scn,.scn,1156685292,leica,106259,306939,6,"1.0,4.0000007262911526,15.998891062171904,63.98593267568448,255.71305915987682,1024.1364966555184",0.25,0.25,40,,0,0,0,0,openslide,,pRCC
/beegfs-scratch/mla_group_01/workspace/mla_group_01/wsi-ssrl-rcc_project/data/raw/pRCC/HP18.13618.A5.pRCC.scn,pRCC/HP18.13618.A5.pRCC.scn,.scn,1018101628,leica,106259,306939,6,"1.0,4.0000007262911526,15.998891062171904,63.98593267568448,255.4999069285211,1024.1364966555184",0.25,0.25,40,,0,0,0,0,openslide,,pRCC
/beegfs-scratch/mla_group_01/workspace/mla_group_01/wsi-ssrl-rcc_project/data/raw/pRCC/HP18.13618.A1.pRCC.scn,pRCC/HP18.13618.A1.pRCC.scn,.scn,1395141518,leica,106259,306939,6,"1.0,3.999948599009354,16.00051258179104,63.98593267568448,256.1276494961482,1024.1364966555184",0.25,0.25,40,,0,0,0,0,openslide,,pRCC
/beegfs-scratch/mla_group_01/workspace/mla_group_01/wsi-ssrl-rcc_project/data/raw/pRCC/HP18.13618.A4.pRCC.scn,pRCC/HP18.13618.A4.pRCC.scn,.scn,1452665396,leica,106259,306939,6,"1.0,4.0000007262911526,15.998891062171904,63.98593267568448,255.60639423076924,1022.425576923077",0.25,0.25,40,,0,0,0,0,openslide,,pRCC
/beegfs-scratch/mla_group_01/workspace/mla_group_01/wsi-ssrl-rcc_project/data/raw/pRCC/HP19.1277.A3.pRCC.scn,pRCC/HP19.1277.A3.pRCC.scn,.scn,877789356,leica,106259,306939,6,"1.0,4.0000007262911526,16.00051258179104,63.98593267568448,255.4999069285211,1022.425576923077",0.25,0.25,40,,0,0,0,0,openslide,,pRCC
/beegfs-scratch/mla_group_01/workspace/mla_group_01/wsi-ssrl-rcc_project/data/raw/pRCC/HP18.5818.A5.pRCC.scn,pRCC/HP18.5818.A5.pRCC.scn,.scn,1510233540,leica,106259,306939,6,"1.0,4.0000007262911526,15.998891062171904,63.98593267568448,255.39359680980417,1020.7260254280602",0.25,0.25,40,,0,0,0,0,openslide,,pRCC
/beegfs-scratch/mla_group_01/workspace/mla_group_01/wsi-ssrl-rcc_project/data/raw/pRCC/HP19.1277.A2.pRCC.scn,pRCC/HP19.1277.A2.pRCC.scn,.scn,1341351906,leica,106259,306939,6,"1.0,4.0000007262911526,15.998891062171904,63.98593267568448,256.1276494961482,1015.8606866002215",0.25,0.25,40,,0,0,0,0,openslide,,pRCC
/beegfs-scratch/mla_group_01/workspace/mla_group_01/wsi-ssrl-rcc_project/data/raw/pRCC/HP19.1277.A4.pRCC.scn,pRCC/HP19.1277.A4.pRCC.scn,.scn,779082760,leica,106259,306939,6,"1.0,4.0000007262911526,15.998891062171904,63.98593267568448,255.39359680980417,1020.7260254280602",0.25,0.25,40,,0,0,0,0,openslide,,pRCC
/beegfs-scratch/mla_group_01/workspace/mla_group_01/wsi-ssrl-rcc_project/data/raw/pRCC/HP19.1277.A1.pRCC.scn,pRCC/HP19.1277.A1.pRCC.scn,.scn,1185423450,leica,106259,306939,6,"1.0,4.0000007262911526,15.998891062171904,63.98593267568448,255.71305915987682,1022.425576923077",0.25,0.25,40,,0,0,0,0,openslide,,pRCC
/beegfs-scratch/mla_group_01/workspace/mla_group_01/wsi-ssrl-rcc_project/data/raw/pRCC/HP18.5818.A3.pRCC.scn,pRCC/HP18.5818.A3.pRCC.scn,.scn,1417145676,leica,106259,306939,6,"1.0,4.0000007262911526,15.998891062171904,63.98593267568448,255.71305915987682,1015.8606866002215",0.25,0.25,40,,0,0,0,0,openslide,,pRCC
/beegfs-scratch/mla_group_01/workspace/mla_group_01/wsi-ssrl-rcc_project/data/raw/pRCC/HP19.1773.A10.pRCC.scn,pRCC/HP19.1773.A10.pRCC.scn,.scn,1459449402,leica,106259,306939,6,"1.0,4.0000007262911526,15.998891062171904,63.98593267568448,255.4999069285211,1014.1723904131188",0.25,0.25,40,,0,0,0,0,openslide,,pRCC
/beegfs-scratch/mla_group_01/workspace/mla_group_01/wsi-ssrl-rcc_project/data/raw/pre/ccRCC/HP13.6992.A3.ccRCC.scn,pre/ccRCC/HP13.6992.A3.ccRCC.scn,.scn,362373106,leica,106259,306939,6,"1.0,4.0000007262911526,15.998891062171904,63.98593267568448,255.4999069285211,1030.8187104971657",0.25,0.25,40,,0,0,0,0,openslide,,ccRCC
/beegfs-scratch/mla_group_01/workspace/mla_group_01/wsi-ssrl-rcc_project/data/raw/pre/ccRCC/HP12.9282.A7.ccRCC.scn,pre/ccRCC/HP12.9282.A7.ccRCC.scn,.scn,800426320,leica,106259,306939,6,"1.0,4.0000007262911526,15.998891062171904,63.98593267568448,256.1276494961482,1022.425576923077",0.25,0.25,40,,0,0,0,0,openslide,,ccRCC
/beegfs-scratch/mla_group_01/workspace/mla_group_01/wsi-ssrl-rcc_project/data/raw/pre/ccRCC/HP12.9282.A6.ccRCC.scn,pre/ccRCC/HP12.9282.A6.ccRCC.scn,.scn,870172930,leica,106259,306939,6,"1.0,4.0000007262911526,15.998891062171904,63.98593267568448,256.1276494961482,1012.4952380952382",0.25,0.25,40,,0,0,0,0,openslide,,ccRCC
/beegfs-scratch/mla_group_01/workspace/mla_group_01/wsi-ssrl-rcc_project/data/raw/pre/ccRCC/HP12.9282.A5.ccRCC.scn,pre/ccRCC/HP12.9282.A5.ccRCC.scn,.scn,1164863608,leica,106259,306939,6,"1.0,4.0000007262911526,15.998891062171904,63.98593267568448,256.1276494961482,1022.425576923077",0.25,0.25,40,,0,0,0,0,openslide,,ccRCC
/beegfs-scratch/mla_group_01/workspace/mla_group_01/wsi-ssrl-rcc_project/data/raw/pre/ccRCC/HP14.13101.C.ccRCC.scn,pre/ccRCC/HP14.13101.C.ccRCC.scn,.scn,477980338,leica,106259,306939,6,"1.0,4.0000007262911526,15.998891062171904,63.98593267568448,255.71305915987682,1012.4952380952382",0.25,0.25,40,,0,0,0,0,openslide,,ccRCC
/beegfs-scratch/mla_group_01/workspace/mla_group_01/wsi-ssrl-rcc_project/data/raw/pre/ccRCC/HP15.11259.A4.ccRCC.scn,pre/ccRCC/HP15.11259.A4.ccRCC.scn,.scn,619656130,leica,106259,306939,6,"1.0,4.0000007262911526,15.998891062171904,63.98593267568448,256.1276494961482,1022.425576923077",0.25,0.25,40,,0,0,0,0,openslide,,ccRCC
/beegfs-scratch/mla_group_01/workspace/mla_group_01/wsi-ssrl-rcc_project/data/raw/pre/ccRCC/HP02.10180.1A2.ccRCC.scn,pre/ccRCC/HP02.10180.1A2.ccRCC.scn,.scn,689042812,leica,106259,306939,6,"1.0,4.0000007262911526,15.998891062171904,63.98593267568448,255.71305915987682,1014.1723904131188",0.25,0.25,40,,0,0,0,0,openslide,,ccRCC
/beegfs-scratch/mla_group_01/workspace/mla_group_01/wsi-ssrl-rcc_project/data/raw/pre/ccRCC/HP10.5813.A2.ccRCC.scn,pre/ccRCC/HP10.5813.A2.ccRCC.scn,.scn,351126832,leica,106259,306939,6,"1.0,4.0000007262911526,15.998891062171904,63.98593267568448,256.1276494961482,1014.1723904131188",0.25,0.25,40,,0,0,0,0,openslide,,ccRCC
/beegfs-scratch/mla_group_01/workspace/mla_group_01/wsi-ssrl-rcc_project/data/raw/pre/ccRCC/HP15.2902.A4.ccRCC.scn,pre/ccRCC/HP15.2902.A4.ccRCC.scn,.scn,499999046,leica,106259,306939,6,"1.0,4.0000007262911526,15.998891062171904,63.98593267568448,255.71305915987682,1015.8606866002215",0.25,0.25,40,,0,0,0,0,openslide,,ccRCC
/beegfs-scratch/mla_group_01/workspace/mla_group_01/wsi-ssrl-rcc_project/data/raw/pre/ccRCC/HP15.12550.A6.ccRCC.scn,pre/ccRCC/HP15.12550.A6.ccRCC.scn,.scn,771117104,leica,106259,306939,6,"1.0,4.0000007262911526,15.998891062171904,63.98593267568448,255.4999069285211,1014.1723904131188",0.25,0.25,40,,0,0,0,0,openslide,,ccRCC
/beegfs-scratch/mla_group_01/workspace/mla_group_01/wsi-ssrl-rcc_project/data/raw/pre/ccRCC/HP10.2986.A4.ccRCC.scn,pre/ccRCC/HP10.2986.A4.ccRCC.scn,.scn,833342700,leica,106259,306939,6,"1.0,4.0000007262911526,15.998891062171904,63.98593267568448,256.1276494961482,1022.425576923077",0.25,0.25,40,,0,0,0,0,openslide,,ccRCC
/beegfs-scratch/mla_group_01/workspace/mla_group_01/wsi-ssrl-rcc_project/data/raw/pre/ccRCC/HP10.2986_A4_ccRCC.scn,pre/ccRCC/HP10.2986_A4_ccRCC.scn,.scn,833342700,leica,106259,306939,6,"1.0,4.0000007262911526,15.998891062171904,63.98593267568448,256.1276494961482,1022.425576923077",0.25,0.25,40,,0,0,0,0,openslide,,ccRCC
/beegfs-scratch/mla_group_01/workspace/mla_group_01/wsi-ssrl-rcc_project/data/raw/pre/ccRCC/HP10.2695.A4.ccRCC.scn,pre/ccRCC/HP10.2695.A4.ccRCC.scn,.scn,1013859340,leica,106259,306939,6,"1.0,4.0000007262911526,15.998891062171904,63.98593267568448,256.1276494961482,1015.8606866002215",0.25,0.25,40,,0,0,0,0,openslide,,ccRCC
/beegfs-scratch/mla_group_01/workspace/mla_group_01/wsi-ssrl-rcc_project/data/raw/pre/ccRCC/HP13.7465.A5.ccRCC.scn,pre/ccRCC/HP13.7465.A5.ccRCC.scn,.scn,474568420,leica,106259,306939,6,"1.0,4.000102080108492,16.000095552667176,63.98593267568448,255.39359680980417,1020.7260254280602",0.25,0.25,40,,0,0,0,0,openslide,,ccRCC
/beegfs-scratch/mla_group_01/workspace/mla_group_01/wsi-ssrl-rcc_project/data/raw/pre/ccRCC/HP14.1749.A8.ccRCC.scn,pre/ccRCC/HP14.1749.A8.ccRCC.scn,.scn,507984642,leica,106259,306939,6,"1.0,4.0000007262911526,15.998891062171904,63.98593267568448,255.08732548071362,1025.858899070728",0.25,0.25,40,,0,0,0,0,openslide,,ccRCC
/beegfs-scratch/mla_group_01/workspace/mla_group_01/wsi-ssrl-rcc_project/data/raw/pre/ccRCC/HP11.12277.A4.ccRCC.scn,pre/ccRCC/HP11.12277.A4.ccRCC.scn,.scn,624500256,leica,106259,306939,6,"1.0,4.0000007262911526,15.998891062171904,63.98593267568448,255.71305915987682,1015.8606866002215",0.25,0.25,40,,0,0,0,0,openslide,,ccRCC
/beegfs-scratch/mla_group_01/workspace/mla_group_01/wsi-ssrl-rcc_project/data/raw/pre/ccRCC/HP11.12318.A1.ccRCC.scn,pre/ccRCC/HP11.12318.A1.ccRCC.scn,.scn,710682134,leica,106259,306939,6,"1.0,4.0000007262911526,15.998891062171904,63.98593267568448,256.1276494961482,1022.425576923077",0.25,0.25,40,,0,0,0,0,openslide,,ccRCC
/beegfs-scratch/mla_group_01/workspace/mla_group_01/wsi-ssrl-rcc_project/data/raw/pre/ccRCC/HP14.9685.A7.ccRCC.scn,pre/ccRCC/HP14.9685.A7.ccRCC.scn,.scn,1339945402,leica,106259,306939,6,"1.0,4.0000007262911526,15.998891062171904,63.98593267568448,255.4999069285211,1024.1364966555184",0.25,0.25,40,,0,0,0,0,openslide,,ccRCC
/beegfs-scratch/mla_group_01/workspace/mla_group_01/wsi-ssrl-rcc_project/data/raw/pre/ccRCC/HP12.13358.1A3.ccRCC.scn,pre/ccRCC/HP12.13358.1A3.ccRCC.scn,.scn,972142228,leica,106259,306939,6,"1.0,4.0000007262911526,15.998891062171904,63.98593267568448,255.71305915987682,1024.1364966555184",0.25,0.25,40,,0,0,0,0,openslide,,ccRCC
/beegfs-scratch/mla_group_01/workspace/mla_group_01/wsi-ssrl-rcc_project/data/raw/pre/ccRCC/HP12.13358.1A5.ccRCC.scn,pre/ccRCC/HP12.13358.1A5.ccRCC.scn,.scn,748363870,leica,106259,306939,6,"1.0,4.0000007262911526,15.998891062171904,63.98593267568448,255.08732548071362,1025.858899070728",0.25,0.25,40,,0,0,0,0,openslide,,ccRCC
/beegfs-scratch/mla_group_01/workspace/mla_group_01/wsi-ssrl-rcc_project/data/raw/pre/ccRCC/HP15.12550.A1.ccRCC.scn,pre/ccRCC/HP15.12550.A1.ccRCC.scn,.scn,746920644,leica,106259,306939,6,"1.0,4.0000007262911526,15.998891062171904,63.98593267568448,255.71305915987682,1024.1364966555184",0.25,0.25,40,,0,0,0,0,openslide,,ccRCC
/beegfs-scratch/mla_group_01/workspace/mla_group_01/wsi-ssrl-rcc_project/data/raw/pre/ccRCC/HP12.13358.1A8.ccRCC.scn,pre/ccRCC/HP12.13358.1A8.ccRCC.scn,.scn,701302726,leica,106259,306939,6,"1.0,4.0000007262911526,15.998891062171904,63.98593267568448,255.71305915987682,1012.4952380952382",0.25,0.25,40,,0,0,0,0,openslide,,ccRCC
/beegfs-scratch/mla_group_01/workspace/mla_group_01/wsi-ssrl-rcc_project/data/raw/pre/ccRCC/HP14.11034.A.ccRCC.scn,pre/ccRCC/HP14.11034.A.ccRCC.scn,.scn,616673724,leica,106259,306939,6,"1.0,4.0000007262911526,15.998891062171904,63.98593267568448,255.4999069285211,1020.7260254280602",0.25,0.25,40,,0,0,0,0,openslide,,ccRCC
/beegfs-scratch/mla_group_01/workspace/mla_group_01/wsi-ssrl-rcc_project/data/raw/pre/ccRCC/HP14.13101.E.ccRCC.scn,pre/ccRCC/HP14.13101.E.ccRCC.scn,.scn,815747254,leica,106259,306939,6,"1.0,4.0000007262911526,15.998891062171904,63.98593267568448,255.4999069285211,1020.7260254280602",0.25,0.25,40,,0,0,0,0,openslide,,ccRCC
/beegfs-scratch/mla_group_01/workspace/mla_group_01/wsi-ssrl-rcc_project/data/raw/pre/ccRCC/HP12.13588.A2.ccRCC.scn,pre/ccRCC/HP12.13588.A2.ccRCC.scn,.scn,541285862,leica,106259,306939,6,"1.0,4.0000007262911526,15.998891062171904,63.98593267568448,255.71305915987682,1012.4952380952382",0.25,0.25,40,,0,0,0,0,openslide,,ccRCC
/beegfs-scratch/mla_group_01/workspace/mla_group_01/wsi-ssrl-rcc_project/data/raw/pre/ccRCC/HP12.13358.1A4.ccRCC.scn,pre/ccRCC/HP12.13358.1A4.ccRCC.scn,.scn,716427256,leica,106259,306939,6,"1.0,4.0000007262911526,15.998891062171904,63.98593267568448,256.1276494961482,1015.8606866002215",0.25,0.25,40,,0,0,0,0,openslide,,ccRCC
/beegfs-scratch/mla_group_01/workspace/mla_group_01/wsi-ssrl-rcc_project/data/raw/pre/ccRCC/HP15.12550.A7.ccRCC.scn,pre/ccRCC/HP15.12550.A7.ccRCC.scn,.scn,767723142,leica,106259,306939,6,"1.0,4.0000007262911526,15.998891062171904,63.98593267568448,255.71305915987682,1015.8606866002215",0.25,0.25,40,,0,0,0,0,openslide,,ccRCC
/beegfs-scratch/mla_group_01/workspace/mla_group_01/wsi-ssrl-rcc_project/data/raw/pre/ccRCC/HP12.13588.A5.ccRCC.scn,pre/ccRCC/HP12.13588.A5.ccRCC.scn,.scn,368001958,leica,53130,153470,5,"1.0,4.000101353931457,15.998992404088622,63.96709201109228,255.82152144599974",0.5,0.5,20,,0,0,0,0,openslide,,ccRCC
/beegfs-scratch/mla_group_01/workspace/mla_group_01/wsi-ssrl-rcc_project/data/raw/pre/ccRCC/HP14.7813.A8.ccRCC.scn,pre/ccRCC/HP14.7813.A8.ccRCC.scn,.scn,1194545462,leica,106259,306939,6,"1.0,4.0000007262911526,15.998891062171904,63.98593267568448,255.60639423076924,1024.1364966555184",0.25,0.25,40,,0,0,0,0,openslide,,ccRCC
/beegfs-scratch/mla_group_01/workspace/mla_group_01/wsi-ssrl-rcc_project/data/raw/pre/ccRCC/HP16.819.A1.ccRCC.scn,pre/ccRCC/HP16.819.A1.ccRCC.scn,.scn,1126576042,leica,106259,306939,6,"1.0,4.0000007262911526,15.998891062171904,63.98593267568448,255.39359680980417,1020.7260254280602",0.25,0.25,40,,0,0,0,0,openslide,,ccRCC
/beegfs-scratch/mla_group_01/workspace/mla_group_01/wsi-ssrl-rcc_project/data/raw/pre/ccRCC/HP12.3187.A5.ccRCC.scn,pre/ccRCC/HP12.3187.A5.ccRCC.scn,.scn,713322906,leica,106259,306939,6,"1.0,4.0000007262911526,15.998891062171904,63.98593267568448,255.71305915987682,1022.425576923077",0.25,0.25,40,,0,0,0,0,openslide,,ccRCC
/beegfs-scratch/mla_group_01/workspace/mla_group_01/wsi-ssrl-rcc_project/data/raw/pre/ccRCC/HP12.4271.A11.ccRCC.scn,pre/ccRCC/HP12.4271.A11.ccRCC.scn,.scn,747902016,leica,106259,306939,6,"1.0,4.0000007262911526,15.998891062171904,63.98593267568448,255.39359680980417,1020.7260254280602",0.25,0.25,40,,0,0,0,0,openslide,,ccRCC
/beegfs-scratch/mla_group_01/workspace/mla_group_01/wsi-ssrl-rcc_project/data/raw/pre/ccRCC/HP15.2902.A1.ccRCC.scn,pre/ccRCC/HP15.2902.A1.ccRCC.scn,.scn,719056806,leica,106259,306939,6,"1.0,4.0000007262911526,15.998891062171904,63.98593267568448,255.4999069285211,1020.7260254280602",0.25,0.25,40,,0,0,0,0,openslide,,ccRCC
/beegfs-scratch/mla_group_01/workspace/mla_group_01/wsi-ssrl-rcc_project/data/raw/pre/ccRCC/HP12.5998.B.ccRCC.scn,pre/ccRCC/HP12.5998.B.ccRCC.scn,.scn,232189922,leica,106259,306939,6,"1.0,4.000102080108492,16.000095552667176,63.98593267568448,256.2346710148866,1014.1723904131188",0.25,0.25,40,,0,0,0,0,openslide,,ccRCC
/beegfs-scratch/mla_group_01/workspace/mla_group_01/wsi-ssrl-rcc_project/data/raw/pre/ccRCC/HP12.5998.I.ccRCC.scn,pre/ccRCC/HP12.5998.I.ccRCC.scn,.scn,270650178,leica,106259,306939,6,"1.0,4.000076015448593,16.000095552667176,63.98593267568448,255.71305915987682,1024.1364966555184",0.25,0.25,40,,0,0,0,0,openslide,,ccRCC
/beegfs-scratch/mla_group_01/workspace/mla_group_01/wsi-ssrl-rcc_project/data/raw/pre/ccRCC/HP12.390.A5.ccRCC.scn,pre/ccRCC/HP12.390.A5.ccRCC.scn,.scn,1106790912,leica,106259,306939,6,"1.0,4.0000007262911526,15.998891062171904,63.98593267568448,255.71305915987682,1024.1364966555184",0.25,0.25,40,,0,0,0,0,openslide,,ccRCC
/beegfs-scratch/mla_group_01/workspace/mla_group_01/wsi-ssrl-rcc_project/data/raw/pre/ccRCC/HP13.1799.B2.ccRCC.scn,pre/ccRCC/HP13.1799.B2.ccRCC.scn,.scn,1181953034,leica,106259,306939,6,"1.0,3.999948599009354,16.000095552667176,63.98593267568448,255.4999069285211,1024.1364966555184",0.25,0.25,40,,0,0,0,0,openslide,,ccRCC
/beegfs-scratch/mla_group_01/workspace/mla_group_01/wsi-ssrl-rcc_project/data/raw/pre/ccRCC/HP14.1749.A1.ccRCC.scn,pre/ccRCC/HP14.1749.A1.ccRCC.scn,.scn,1086957932,leica,106259,306939,6,"1.0,4.0000007262911526,15.998891062171904,63.98593267568448,256.1276494961482,1022.425576923077",0.25,0.25,40,,0,0,0,0,openslide,,ccRCC
/beegfs-scratch/mla_group_01/workspace/mla_group_01/wsi-ssrl-rcc_project/data/raw/pre/ccRCC/HP12.390.A10.ccRCC.scn,pre/ccRCC/HP12.390.A10.ccRCC.scn,.scn,1256077542,leica,106259,306939,6,"1.0,4.0000007262911526,15.998891062171904,63.98593267568448,255.71305915987682,1024.1364966555184",0.25,0.25,40,,0,0,0,0,openslide,,ccRCC
/beegfs-scratch/mla_group_01/workspace/mla_group_01/wsi-ssrl-rcc_project/data/raw/pre/ccRCC/HP12.4271.A8.ccRCC.scn,pre/ccRCC/HP12.4271.A8.ccRCC.scn,.scn,811759420,leica,106259,306939,6,"1.0,4.0000007262911526,15.998891062171904,63.98593267568448,256.1276494961482,1015.8606866002215",0.25,0.25,40,,0,0,0,0,openslide,,ccRCC
/beegfs-scratch/mla_group_01/workspace/mla_group_01/wsi-ssrl-rcc_project/data/raw/pre/ccRCC/HP14.9097.2F.ccRCC.scn,pre/ccRCC/HP14.9097.2F.ccRCC.scn,.scn,625504282,leica,106259,306939,6,"1.0,4.0000007262911526,15.998891062171904,63.98593267568448,255.71305915987682,1012.4952380952382",0.25,0.25,40,,0,0,0,0,openslide,,ccRCC
/beegfs-scratch/mla_group_01/workspace/mla_group_01/wsi-ssrl-rcc_project/data/raw/pre/ccRCC/HP15.11259.A3.ccRCC.scn,pre/ccRCC/HP15.11259.A3.ccRCC.scn,.scn,498427454,leica,106259,306939,6,"1.0,4.0000007262911526,15.998891062171904,63.98593267568448,255.71305915987682,1022.425576923077",0.25,0.25,40,,0,0,0,0,openslide,,ccRCC
/beegfs-scratch/mla_group_01/workspace/mla_group_01/wsi-ssrl-rcc_project/data/raw/pre/ccRCC/HP16.6211.E.ccRCC.scn,pre/ccRCC/HP16.6211.E.ccRCC.scn,.scn,534300680,leica,106259,306939,6,"1.0,4.0000007262911526,15.998891062171904,63.98593267568448,255.39359680980417,1020.7260254280602",0.25,0.25,40,,0,0,0,0,openslide,,ccRCC
/beegfs-scratch/mla_group_01/workspace/mla_group_01/wsi-ssrl-rcc_project/data/raw/pre/ccRCC/HP12.6073.A5.ccRCC.scn,pre/ccRCC/HP12.6073.A5.ccRCC.scn,.scn,580591864,leica,106259,306939,6,"1.0,4.0000007262911526,15.998891062171904,63.98593267568448,255.71305915987682,1022.425576923077",0.25,0.25,40,,0,0,0,0,openslide,,ccRCC
/beegfs-scratch/mla_group_01/workspace/mla_group_01/wsi-ssrl-rcc_project/data/raw/pre/ccRCC/HP14.1749.A6.ccRCC.scn,pre/ccRCC/HP14.1749.A6.ccRCC.scn,.scn,622227788,leica,106259,306939,6,"1.0,4.0000007262911526,15.998891062171904,63.98593267568448,255.39359680980417,1014.1723904131188",0.25,0.25,40,,0,0,0,0,openslide,,ccRCC
/beegfs-scratch/mla_group_01/workspace/mla_group_01/wsi-ssrl-rcc_project/data/raw/pre/ccRCC/HP14.1993.A1.ccRCC.scn,pre/ccRCC/HP14.1993.A1.ccRCC.scn,.scn,922490588,leica,106259,306939,6,"1.0,4.0000007262911526,15.998891062171904,63.98593267568448,255.4999069285211,1024.1364966555184",0.25,0.25,40,,0,0,0,0,openslide,,ccRCC
/beegfs-scratch/mla_group_01/workspace/mla_group_01/wsi-ssrl-rcc_project/data/raw/pre/ccRCC/HP12.6073_A5_ccRCC.scn,pre/ccRCC/HP12.6073_A5_ccRCC.scn,.scn,839735712,leica,106259,306939,6,"1.0,4.0000007262911526,15.998891062171904,63.98593267568448,255.4999069285211,1020.7260254280602",0.25,0.25,40,,0,0,0,0,openslide,,ccRCC
/beegfs-scratch/mla_group_01/workspace/mla_group_01/wsi-ssrl-rcc_project/data/raw/pre/ccRCC/HP12.8793.B1.ccRCC.scn,pre/ccRCC/HP12.8793.B1.ccRCC.scn,.scn,267747268,leica,106259,306939,6,"1.0,4.0000007262911526,15.998891062171904,63.98593267568448,255.71305915987682,1015.8606866002215",0.25,0.25,40,,0,0,0,0,openslide,,ccRCC
/beegfs-scratch/mla_group_01/workspace/mla_group_01/wsi-ssrl-rcc_project/data/raw/pre/ccRCC/HP12.6073.1A6.ccRCC.scn,pre/ccRCC/HP12.6073.1A6.ccRCC.scn,.scn,922313288,leica,106259,306939,6,"1.0,4.0000007262911526,15.998891062171904,63.98593267568448,254.98119210367366,1024.1364966555184",0.25,0.25,40,,0,0,0,0,openslide,,ccRCC
/beegfs-scratch/mla_group_01/workspace/mla_group_01/wsi-ssrl-rcc_project/data/raw/pre/ccRCC/HP12.6073.A5-1.ccRCC.scn,pre/ccRCC/HP12.6073.A5-1.ccRCC.scn,.scn,889956856,leica,106259,306939,6,"1.0,4.0000007262911526,15.998891062171904,63.98593267568448,256.1276494961482,1022.425576923077",0.25,0.25,40,,0,0,0,0,openslide,,ccRCC
/beegfs-scratch/mla_group_01/workspace/mla_group_01/wsi-ssrl-rcc_project/data/raw/pre/ccRCC/HP12.6691.T1.ccRCC.scn,pre/ccRCC/HP12.6691.T1.ccRCC.scn,.scn,770613564,leica,106259,306939,6,"1.0,4.0000007262911526,15.998891062171904,63.98593267568448,255.39359680980417,1020.7260254280602",0.25,0.25,40,,0,0,0,0,openslide,,ccRCC
/beegfs-scratch/mla_group_01/workspace/mla_group_01/wsi-ssrl-rcc_project/data/raw/pre/ccRCC/HP12.7225.A.ccRCC.scn,pre/ccRCC/HP12.7225.A.ccRCC.scn,.scn,727979688,leica,106259,306939,6,"1.0,3.9999746623105956,15.998891062171904,63.98593267568448,255.4999069285211,1014.1723904131188",0.25,0.25,40,,0,0,0,0,openslide,,ccRCC
/beegfs-scratch/mla_group_01/workspace/mla_group_01/wsi-ssrl-rcc_project/data/raw/pre/ccRCC/HP12.8355.A8.ccRCC.scn,pre/ccRCC/HP12.8355.A8.ccRCC.scn,.scn,863823010,leica,106259,306939,6,"1.0,4.0000007262911526,15.998891062171904,63.98593267568448,255.71305915987682,1015.8606866002215",0.25,0.25,40,,0,0,0,0,openslide,,ccRCC
/beegfs-scratch/mla_group_01/workspace/mla_group_01/wsi-ssrl-rcc_project/data/raw/pre/ccRCC/HP12.9282.A10.ccRCC.scn,pre/ccRCC/HP12.9282.A10.ccRCC.scn,.scn,982577414,leica,106259,306939,6,"1.0,4.0000007262911526,15.998891062171904,63.98593267568448,255.39359680980417,1020.7260254280602",0.25,0.25,40,,0,0,0,0,openslide,,ccRCC
/beegfs-scratch/mla_group_01/workspace/mla_group_01/wsi-ssrl-rcc_project/data/raw/pre/ccRCC/HP12.9282.A4.ccRCC.scn,pre/ccRCC/HP12.9282.A4.ccRCC.scn,.scn,806672378,leica,106259,306939,6,"1.0,4.0000007262911526,15.998891062171904,63.98593267568448,256.1276494961482,1015.8606866002215",0.25,0.25,40,,0,0,0,0,openslide,,ccRCC
/beegfs-scratch/mla_group_01/workspace/mla_group_01/wsi-ssrl-rcc_project/data/raw/pre/ccRCC/HP16.6209.2B1.ccRCC.scn,pre/ccRCC/HP16.6209.2B1.ccRCC.scn,.scn,598402886,leica,106259,306939,6,"1.0,4.0000007262911526,15.998891062171904,63.98593267568448,255.71305915987682,1024.1364966555184",0.25,0.25,40,,0,0,0,0,openslide,,ccRCC
/beegfs-scratch/mla_group_01/workspace/mla_group_01/wsi-ssrl-rcc_project/data/raw/pre/ccRCC/HP16.6211.C.ccRCC.scn,pre/ccRCC/HP16.6211.C.ccRCC.scn,.scn,824722048,leica,106259,306939,6,"1.0,4.0000007262911526,15.998891062171904,63.98593267568448,256.1276494961482,1015.8606866002215",0.25,0.25,40,,0,0,0,0,openslide,,ccRCC
/beegfs-scratch/mla_group_01/workspace/mla_group_01/wsi-ssrl-rcc_project/data/raw/pre/ccRCC/HP16.6209.2B4.ccRCC.scn,pre/ccRCC/HP16.6209.2B4.ccRCC.scn,.scn,770874064,leica,106259,306939,6,"1.0,4.0000007262911526,15.998891062171904,63.98593267568448,255.4999069285211,1020.7260254280602",0.25,0.25,40,,0,0,0,0,openslide,,ccRCC
/beegfs-scratch/mla_group_01/workspace/mla_group_01/wsi-ssrl-rcc_project/data/raw/pre/ccRCC/HP14.69.2A2.ccRCC.scn,pre/ccRCC/HP14.69.2A2.ccRCC.scn,.scn,818154388,leica,106259,306939,6,"1.0,4.0000007262911526,15.998891062171904,63.98593267568448,255.39359680980417,1020.7260254280602",0.25,0.25,40,,0,0,0,0,openslide,,ccRCC
/beegfs-scratch/mla_group_01/workspace/mla_group_01/wsi-ssrl-rcc_project/data/raw/pre/ccRCC/HP14.5590.A3.ccRCC.scn,pre/ccRCC/HP14.5590.A3.ccRCC.scn,.scn,1130033590,leica,106259,306939,6,"1.0,4.0000007262911526,15.998891062171904,63.98593267568448,255.60639423076924,1024.1364966555184",0.25,0.25,40,,0,0,0,0,openslide,,ccRCC
/beegfs-scratch/mla_group_01/workspace/mla_group_01/wsi-ssrl-rcc_project/data/raw/pre/ccRCC/HP14.69.2A9.ccRCC.scn,pre/ccRCC/HP14.69.2A9.ccRCC.scn,.scn,1029742896,leica,106259,306939,6,"1.0,4.0000007262911526,15.998891062171904,63.98593267568448,256.1276494961482,1022.425576923077",0.25,0.25,40,,0,0,0,0,openslide,,ccRCC
/beegfs-scratch/mla_group_01/workspace/mla_group_01/wsi-ssrl-rcc_project/data/raw/pre/ccRCC/HP15.1480.A3.ccRCC.scn,pre/ccRCC/HP15.1480.A3.ccRCC.scn,.scn,1107519210,leica,106259,306939,6,"1.0,4.0000007262911526,15.998891062171904,63.98593267568448,256.1276494961482,1022.425576923077",0.25,0.25,40,,0,0,0,0,openslide,,ccRCC
/beegfs-scratch/mla_group_01/workspace/mla_group_01/wsi-ssrl-rcc_project/data/raw/pre/ccRCC/HP16.819.A2.ccRCC.scn,pre/ccRCC/HP16.819.A2.ccRCC.scn,.scn,763773246,leica,106259,306939,6,"1.0,4.0000007262911526,15.998891062171904,63.98593267568448,256.1276494961482,1022.425576923077",0.25,0.25,40,,0,0,0,0,openslide,,ccRCC
/beegfs-scratch/mla_group_01/workspace/mla_group_01/wsi-ssrl-rcc_project/data/raw/pre/ccRCC/HP15.11259.A6.ccRCC.scn,pre/ccRCC/HP15.11259.A6.ccRCC.scn,.scn,607212240,leica,106259,306939,6,"1.0,4.0000007262911526,15.998891062171904,63.98593267568448,255.4999069285211,1020.7260254280602",0.25,0.25,40,,0,0,0,0,openslide,,ccRCC
/beegfs-scratch/mla_group_01/workspace/mla_group_01/wsi-ssrl-rcc_project/data/raw/pre/ccRCC/HP14.5347.A6.ccRCC.scn,pre/ccRCC/HP14.5347.A6.ccRCC.scn,.scn,2023667588,leica,106259,306939,6,"1.0,4.0000007262911526,15.99847407652254,63.97926194841071,255.60639423076924,1022.425576923077",0.25,0.25,40,,0,0,0,0,openslide,,ccRCC
/beegfs-scratch/mla_group_01/workspace/mla_group_01/wsi-ssrl-rcc_project/data/raw/pre/pRCC/HP09.5392.A2.pRCC.scn,pre/pRCC/HP09.5392.A2.pRCC.scn,.scn,558312076,leica,106259,306939,6,"1.0,4.000076015448593,16.000095552667176,63.98593267568448,256.1276494961482,1025.858899070728",0.25,0.25,40,,0,0,0,0,openslide,,pRCC
/beegfs-scratch/mla_group_01/workspace/mla_group_01/wsi-ssrl-rcc_project/data/raw/pre/pRCC/HP10.9650.A7.pRCC.scn,pre/pRCC/HP10.9650.A7.pRCC.scn,.scn,766798032,leica,106259,306939,6,"1.0,4.0000007262911526,15.998891062171904,63.98593267568448,255.71305915987682,1022.425576923077",0.25,0.25,40,,0,0,0,0,openslide,,pRCC
/beegfs-scratch/mla_group_01/workspace/mla_group_01/wsi-ssrl-rcc_project/data/raw/pre/pRCC/HP10.9650.A8.pRCC.scn,pre/pRCC/HP10.9650.A8.pRCC.scn,.scn,736926412,leica,106259,306939,6,"1.0,4.0000007262911526,15.998891062171904,63.98593267568448,256.1276494961482,1022.425576923077",0.25,0.25,40,,0,0,0,0,openslide,,pRCC
/beegfs-scratch/mla_group_01/workspace/mla_group_01/wsi-ssrl-rcc_project/data/raw/pre/pRCC/HP11.6090.E.pRCC.scn,pre/pRCC/HP11.6090.E.pRCC.scn,.scn,877364574,leica,106259,306939,6,"1.0,4.0000007262911526,15.998891062171904,63.98593267568448,255.39359680980417,1020.7260254280602",0.25,0.25,40,,0,0,0,0,openslide,,pRCC
/beegfs-scratch/mla_group_01/workspace/mla_group_01/wsi-ssrl-rcc_project/data/raw/pre/pRCC/HP12.5904.A10.pRCC.scn,pre/pRCC/HP12.5904.A10.pRCC.scn,.scn,763156430,leica,106259,306939,6,"1.0,4.0000007262911526,15.998891062171904,63.98593267568448,255.4999069285211,1030.8187104971657",0.25,0.25,40,,0,0,0,0,openslide,,pRCC
/beegfs-scratch/mla_group_01/workspace/mla_group_01/wsi-ssrl-rcc_project/data/raw/pre/pRCC/HP12.7726.A.pRCC.scn,pre/pRCC/HP12.7726.A.pRCC.scn,.scn,910594022,leica,106259,306939,6,"1.0,4.0000007262911526,15.998891062171904,63.98593267568448,256.02080649537265,1024.1364966555184",0.25,0.25,40,,0,0,0,0,openslide,,pRCC
/beegfs-scratch/mla_group_01/workspace/mla_group_01/wsi-ssrl-rcc_project/data/raw/pre/pRCC/HP12.6710.A5.pRCC.scn,pre/pRCC/HP12.6710.A5.pRCC.scn,.scn,1003221488,leica,106259,306939,6,"1.0,4.0000007262911526,15.998891062171904,63.98593267568448,255.71305915987682,1024.1364966555184",0.25,0.25,40,,0,0,0,0,openslide,,pRCC
/beegfs-scratch/mla_group_01/workspace/mla_group_01/wsi-ssrl-rcc_project/data/raw/pre/pRCC/HP12.7601.A9.pRCC.scn,pre/pRCC/HP12.7601.A9.pRCC.scn,.scn,992146306,leica,106259,306939,6,"1.0,4.0000007262911526,15.998891062171904,63.98593267568448,255.60639423076924,1022.425576923077",0.25,0.25,40,,0,0,0,0,openslide,,pRCC
/beegfs-scratch/mla_group_01/workspace/mla_group_01/wsi-ssrl-rcc_project/data/raw/pre/pRCC/HP13.3201.A5.pRCC.scn,pre/pRCC/HP13.3201.A5.pRCC.scn,.scn,230230508,leica,53130,153470,5,"1.0,4.000101353931457,15.998992404088622,63.92710919186801,255.3952147062588",0.5,0.5,20,,0,0,0,0,openslide,,pRCC
/beegfs-scratch/mla_group_01/workspace/mla_group_01/wsi-ssrl-rcc_project/data/raw/pre/pRCC/HP13.3201.D1.pRCC.scn,pre/pRCC/HP13.3201.D1.pRCC.scn,.scn,142185368,leica,53130,153470,5,"1.0,4.000101353931457,15.998992404088622,63.92710919186801,254.57204056653262",0.5,0.5,20,,0,0,0,0,openslide,,pRCC
/beegfs-scratch/mla_group_01/workspace/mla_group_01/wsi-ssrl-rcc_project/data/raw/pre/pRCC/HP12.7726.C.pRCC.scn,pre/pRCC/HP12.7726.C.pRCC.scn,.scn,1026655486,leica,106259,306939,6,"1.0,4.0000007262911526,15.998891062171904,63.98593267568448,255.4999069285211,1024.1364966555184",0.25,0.25,40,,0,0,0,0,openslide,,pRCC
/beegfs-scratch/mla_group_01/workspace/mla_group_01/wsi-ssrl-rcc_project/data/raw/pre/pRCC/HP13.3311.1B.pRCC.scn,pre/pRCC/HP13.3311.1B.pRCC.scn,.scn,403026086,leica,106259,306939,6,"1.0,4.000102080108492,16.000095552667176,63.98593267568448,256.2346710148866,1022.425576923077",0.25,0.25,40,,0,0,0,0,openslide,,pRCC
/beegfs-scratch/mla_group_01/workspace/mla_group_01/wsi-ssrl-rcc_project/data/raw/pre/pRCC/HP12.7726.E.pRCC.scn,pre/pRCC/HP12.7726.E.pRCC.scn,.scn,885858860,leica,106259,306939,6,"1.0,4.0000007262911526,15.998891062171904,63.98593267568448,255.4999069285211,1024.1364966555184",0.25,0.25,40,,0,0,0,0,openslide,,pRCC
/beegfs-scratch/mla_group_01/workspace/mla_group_01/wsi-ssrl-rcc_project/data/raw/pre/pRCC/HP14.2377.pRCC.scn,pre/pRCC/HP14.2377.pRCC.scn,.scn,328486280,leica,106259,306939,6,"1.0,4.000102080108492,16.000095552667176,63.98593267568448,255.39359680980417,1020.7260254280602",0.25,0.25,40,,0,0,0,0,openslide,,pRCC
/beegfs-scratch/mla_group_01/workspace/mla_group_01/wsi-ssrl-rcc_project/data/raw/pre/pRCC/HP12.7726.F.pRCC.scn,pre/pRCC/HP12.7726.F.pRCC.scn,.scn,647981452,leica,106259,306939,6,"1.0,4.0000007262911526,15.998891062171904,63.98593267568448,255.4999069285211,1022.425576923077",0.25,0.25,40,,0,0,0,0,openslide,,pRCC
/beegfs-scratch/mla_group_01/workspace/mla_group_01/wsi-ssrl-rcc_project/data/raw/pre/pRCC/HP14.10122.B2.pRCC.scn,pre/pRCC/HP14.10122.B2.pRCC.scn,.scn,979349854,leica,106259,306939,6,"1.0,4.0000007262911526,15.998891062171904,63.98593267568448,255.71305915987682,1014.1723904131188",0.25,0.25,40,,0,0,0,0,openslide,,pRCC
/beegfs-scratch/mla_group_01/workspace/mla_group_01/wsi-ssrl-rcc_project/data/raw/pre/pRCC/HP14.8231.A6.pRCC.scn,pre/pRCC/HP14.8231.A6.pRCC.scn,.scn,298557260,leica,106259,306939,6,"1.0,3.9999746623105956,15.998891062171904,64.01855142723585,256.2346710148866,1022.425576923077",0.25,0.25,40,,0,0,0,0,openslide,,pRCC
/beegfs-scratch/mla_group_01/workspace/mla_group_01/wsi-ssrl-rcc_project/data/raw/pre/pRCC/HP14.5971.A3.pRCC.scn,pre/pRCC/HP14.5971.A3.pRCC.scn,.scn,472341430,leica,106259,306939,6,"1.0,4.0000007262911526,15.998891062171904,63.98593267568448,255.39359680980417,1014.1723904131188",0.25,0.25,40,,0,0,0,0,openslide,,pRCC
/beegfs-scratch/mla_group_01/workspace/mla_group_01/wsi-ssrl-rcc_project/data/raw/pre/pRCC/HP14.5971.A5.pRCC.scn,pre/pRCC/HP14.5971.A5.pRCC.scn,.scn,601178914,leica,106259,306939,6,"1.0,4.0000007262911526,15.998891062171904,63.98593267568448,255.71305915987682,1015.8606866002215",0.25,0.25,40,,0,0,0,0,openslide,,pRCC
/beegfs-scratch/mla_group_01/workspace/mla_group_01/wsi-ssrl-rcc_project/data/raw/pre/pRCC/HP14.10122.B1.pRCC.scn,pre/pRCC/HP14.10122.B1.pRCC.scn,.scn,1138538618,leica,106259,306939,6,"1.0,4.0000007262911526,15.99847407652254,63.98593267568448,255.71305915987682,1014.1723904131188",0.25,0.25,40,,0,0,0,0,openslide,,pRCC
/beegfs-scratch/mla_group_01/workspace/mla_group_01/wsi-ssrl-rcc_project/data/raw/pre/pRCC/HP14.4279.R1.pRCC.scn,pre/pRCC/HP14.4279.R1.pRCC.scn,.scn,874444796,leica,106259,306939,6,"1.0,4.0000007262911526,15.998891062171904,63.98593267568448,255.39359680980417,1014.1723904131188",0.25,0.25,40,,0,0,0,0,openslide,,pRCC
/beegfs-scratch/mla_group_01/workspace/mla_group_01/wsi-ssrl-rcc_project/data/raw/pre/pRCC/HP15.9102.H.pRCC.scn,pre/pRCC/HP15.9102.H.pRCC.scn,.scn,993255220,leica,106259,306939,6,"1.0,4.0000007262911526,15.998891062171904,63.98593267568448,255.71305915987682,1024.1364966555184",0.25,0.25,40,,0,0,0,0,openslide,,pRCC
